"MATCH_SEQ_NO","MATCH_DE","LEA_NM","STDM_NM","HOME_TEAM_NM","AWAY_TEAM_NM"
1,"20250505",챔피언결정전,잠실학생체육관,SK,LG
2,"20250507",챔피언결정전,잠실학생체육관,SK,LG
3,"20250509",챔피언결정전,창원체육관,LG,SK
4,"20250511",챔피언결정전,창원체육관,LG,SK
5,"20250513",챔피언결정전,잠실학생체육관,SK,LG
6,"20250515",챔피언결정전,창원체육관,LG,SK
7,"20250517",챔피언결정전,잠실학생체육관,SK,LG
8,"20250401",정규시즌,잠실실내체육관,삼성,한국가스공사
9,"20250402",정규시즌,부산사직체육관,KCC,소노
10,"20250403",정규시즌,창원체육관,LG,KGC
11,"20250403",정규시즌,울산동천체육관,현대모비스,KT
12,"20250404",정규시즌,부산사직체육관,KCC,삼성
13,"20250404",정규시즌,고양 소노 아레나,소노,DB
14,"20250405",정규시즌,울산동천체육관,현대모비스,LG
15,"20250405",정규시즌,안양 정관장 아레나,KGC,SK
16,"20250405",정규시즌,대구체육관,한국가스공사,KT
17,"20250406",정규시즌,잠실학생체육관,SK,소노
18,"20250406",정규시즌,울산동천체육관,현대모비스,삼성
19,"20250406",정규시즌,원주종합체육관,DB,KCC
20,"20250407",챔피언결정전,이천 LG 챔피언스파크,상무,KT
21,"20250408",정규시즌,수원 KT 아레나,KT,KCC
22,"20250408",정규시즌,원주종합체육관,DB,KGC
23,"20250408",정규시즌,잠실학생체육관,SK,삼성
24,"20250408",정규시즌,대구체육관,한국가스공사,현대모비스
25,"20250408",정규시즌,고양 소노 아레나,소노,LG
26,"20250412",플레이오프,수원 KT 아레나,KT,한국가스공사
27,"20250413",플레이오프,울산동천체육관,현대모비스,KGC
28,"20250414",플레이오프,수원 KT 아레나,KT,한국가스공사
29,"20250415",플레이오프,울산동천체육관,현대모비스,KGC
30,"20250416",플레이오프,대구체육관,한국가스공사,KT
31,"20250417",플레이오프,안양 정관장 아레나,KGC,현대모비스
32,"20250418",플레이오프,대구체육관,한국가스공사,KT
33,"20250420",플레이오프,수원 KT 아레나,KT,한국가스공사
34,"20250423",플레이오프,잠실학생체육관,SK,KT
35,"20250424",플레이오프,창원체육관,LG,현대모비스
36,"20250425",플레이오프,잠실학생체육관,SK,KT
37,"20250426",플레이오프,창원체육관,LG,현대모비스
38,"20250427",플레이오프,수원 KT 아레나,KT,SK
39,"20250428",플레이오프,울산동천체육관,현대모비스,LG
40,"20250429",플레이오프,수원 KT 아레나,KT,SK
41,"20250301",정규시즌,원주종합체육관,DB,소노
42,"20250301",정규시즌,잠실실내체육관,삼성,한국가스공사
43,"20250301",정규시즌,창원체육관,LG,KGC
44,"20250302",정규시즌,잠실학생체육관,SK,KCC
45,"20250302",정규시즌,울산동천체육관,현대모비스,KT
46,"20250302",정규시즌,고양 소노 아레나,소노,한국가스공사
47,"20250303",정규시즌,원주종합체육관,DB,LG
48,"20250303",정규시즌,잠실실내체육관,삼성,KGC
49,"20250304",정규시즌,수원 KT 아레나,KT,한국가스공사
50,"20250305",정규시즌,잠실실내체육관,삼성,SK
51,"20250306",정규시즌,울산동천체육관,현대모비스,DB
52,"20250307",정규시즌,대구체육관,한국가스공사,LG
53,"20250307",정규시즌,고양 소노 아레나,소노,SK
54,"20250308",정규시즌,원주종합체육관,DB,삼성
55,"20250308",정규시즌,안양 정관장 아레나,KGC,현대모비스
56,"20250309",정규시즌,잠실학생체육관,SK,한국가스공사
57,"20250309",정규시즌,창원체육관,LG,소노
58,"20250310",정규시즌,안양 정관장 아레나,KGC,DB
59,"20250311",정규시즌,울산동천체육관,현대모비스,삼성
60,"20250312",정규시즌,대구체육관,한국가스공사,KGC
61,"20250313",정규시즌,부산사직체육관,KCC,삼성
62,"20250313",정규시즌,수원 KT 아레나,KT,소노
63,"20250314",정규시즌,창원체육관,LG,현대모비스
64,"20250314",정규시즌,잠실학생체육관,SK,DB
65,"20250315",정규시즌,대구체육관,한국가스공사,KCC
66,"20250315",정규시즌,잠실실내체육관,삼성,KT
67,"20250315",정규시즌,고양 소노 아레나,소노,KGC
68,"20250316",정규시즌,수원 KT 아레나,KT,LG
69,"20250316",정규시즌,울산동천체육관,현대모비스,KCC
70,"20250316",정규시즌,원주종합체육관,DB,SK
71,"20250317",정규시즌,대구체육관,한국가스공사,KGC
72,"20250318",D리그 1차,이천 LG 챔피언스파크,삼성,SK
73,"20250318",D리그 1차,이천 LG 챔피언스파크,LG,KT
74,"20250318",정규시즌,울산동천체육관,현대모비스,KCC
75,"20250319",정규시즌,수원 KT 아레나,KT,SK
76,"20250320",D리그 1차,이천 LG 챔피언스파크,KCC,현대모비스
77,"20250320",D리그 1차,이천 LG 챔피언스파크,삼성,상무
78,"20250320",정규시즌,고양 소노 아레나,소노,한국가스공사
79,"20250320",정규시즌,창원체육관,LG,DB
80,"20250321",정규시즌,잠실학생체육관,SK,현대모비스
81,"20250321",정규시즌,안양 정관장 아레나,KGC,KCC
82,"20250322",정규시즌,창원체육관,LG,KT
83,"20250322",정규시즌,대구체육관,한국가스공사,DB
84,"20250322",정규시즌,고양 소노 아레나,소노,삼성
85,"20250323",정규시즌,잠실학생체육관,SK,KCC
86,"20250323",정규시즌,안양 정관장 아레나,KGC,현대모비스
87,"20250323",정규시즌,창원체육관,LG,한국가스공사
88,"20250324",정규시즌,잠실실내체육관,삼성,KT
89,"20250325",플레이오프,이천 LG 챔피언스파크,상무,SK
90,"20250325",플레이오프,이천 LG 챔피언스파크,현대모비스,KT
91,"20250325",정규시즌,안양 정관장 아레나,KGC,소노
92,"20250326",정규시즌,잠실실내체육관,삼성,LG
93,"20250327",정규시즌,수원 KT 아레나,KT,소노
94,"20250327",정규시즌,원주종합체육관,DB,현대모비스
95,"20250328",정규시즌,부산사직체육관,KCC,한국가스공사
96,"20250328",정규시즌,잠실학생체육관,SK,LG
97,"20250329",정규시즌,울산동천체육관,현대모비스,소노
98,"20250329",정규시즌,잠실실내체육관,삼성,KGC
99,"20250329",정규시즌,수원 KT 아레나,KT,DB
100,"20250330",정규시즌,부산사직체육관,KCC,LG
101,"20250330",정규시즌,대구체육관,한국가스공사,SK
102,"20250330",정규시즌,잠실실내체육관,삼성,DB
103,"20250331",정규시즌,안양 정관장 아레나,KGC,KT
104,"20250201",정규시즌,원주종합체육관,DB,LG
105,"20250201",정규시즌,대구체육관,한국가스공사,SK
106,"20250201",정규시즌,안양 정관장 아레나,KGC,현대모비스
107,"20250202",정규시즌,부산사직체육관,KCC,KT
108,"20250202",정규시즌,대구체육관,한국가스공사,삼성
109,"20250202",정규시즌,고양 소노 아레나,소노,DB
110,"20250203",정규시즌,잠실학생체육관,SK,LG
111,"20250204",D리그 1차,이천 LG 챔피언스파크,상무,한국가스공사
112,"20250204",D리그 1차,이천 LG 챔피언스파크,KT,SK
113,"20250204",정규시즌,부산사직체육관,KCC,KGC
114,"20250205",정규시즌,잠실실내체육관,삼성,현대모비스
115,"20250206",정규시즌,창원체육관,LG,KCC
116,"20250206",정규시즌,잠실학생체육관,SK,KT
117,"20250207",정규시즌,울산동천체육관,현대모비스,한국가스공사
118,"20250207",정규시즌,잠실실내체육관,삼성,소노
119,"20250208",정규시즌,부산사직체육관,KCC,LG
120,"20250208",정규시즌,잠실학생체육관,SK,KGC
121,"20250208",정규시즌,수원 KT 아레나,KT,DB
122,"20250209",정규시즌,대구체육관,한국가스공사,현대모비스
123,"20250209",정규시즌,잠실실내체육관,삼성,소노
124,"20250209",정규시즌,수원 KT 아레나,KT,SK
125,"20250210",정규시즌,안양 정관장 아레나,KGC,KCC
126,"20250211",정규시즌,고양 소노 아레나,소노,현대모비스
127,"20250212",정규시즌,잠실학생체육관,SK,LG
128,"20250213",정규시즌,원주종합체육관,DB,KCC
129,"20250214",D리그 1차,이천 LG 챔피언스파크,LG,한국가스공사
130,"20250214",D리그 1차,이천 LG 챔피언스파크,현대모비스,상무
131,"20250215",D리그 1차,이천 LG 챔피언스파크,SK,KCC
132,"20250215",D리그 1차,이천 LG 챔피언스파크,현대모비스,LG
133,"20250217",D리그 1차,이천 LG 챔피언스파크,삼성,현대모비스
134,"20250217",D리그 1차,이천 LG 챔피언스파크,KT,LG
135,"20250218",D리그 1차,이천 LG 챔피언스파크,상무,KCC
136,"20250218",D리그 1차,이천 LG 챔피언스파크,현대모비스,SK
137,"20250219",D리그 1차,이천 LG 챔피언스파크,상무,삼성
138,"20250219",D리그 1차,이천 LG 챔피언스파크,KCC,한국가스공사
139,"20250220",D리그 1차,이천 LG 챔피언스파크,SK,상무
140,"20250220",D리그 1차,이천 LG 챔피언스파크,한국가스공사,삼성
141,"20250221",D리그 1차,이천 LG 챔피언스파크,현대모비스,KCC
142,"20250221",D리그 1차,이천 LG 챔피언스파크,한국가스공사,KT
143,"20250222",D리그 1차,이천 LG 챔피언스파크,LG,KCC
144,"20250222",D리그 1차,이천 LG 챔피언스파크,KT,삼성
145,"20250224",D리그 1차,이천 LG 챔피언스파크,KT,한국가스공사
146,"20250224",D리그 1차,이천 LG 챔피언스파크,KCC,LG
147,"20250225",D리그 1차,이천 LG 챔피언스파크,SK,한국가스공사
148,"20250225",D리그 1차,이천 LG 챔피언스파크,삼성,LG
149,"20250226",정규시즌,부산사직체육관,KCC,소노
150,"20250226",정규시즌,안양 정관장 아레나,KGC,KT
151,"20250227",정규시즌,원주종합체육관,DB,한국가스공사
152,"20250227",정규시즌,창원체육관,LG,삼성
153,"20250228",정규시즌,부산사직체육관,KCC,KT
154,"20250228",정규시즌,울산동천체육관,현대모비스,SK
155,"20250101",정규시즌,수원 KT 아레나,KT,KCC
156,"20250101",정규시즌,창원체육관,LG,SK
157,"20250101",정규시즌,안양 정관장 아레나,KGC,소노
158,"20250102",정규시즌,잠실실내체육관,삼성,DB
159,"20250103",정규시즌,수원 KT 아레나,KT,KGC
160,"20250103",정규시즌,잠실학생체육관,SK,소노
161,"20250104",정규시즌,울산동천체육관,현대모비스,LG
162,"20250104",정규시즌,잠실실내체육관,삼성,한국가스공사
163,"20250104",정규시즌,부산사직체육관,KCC,DB
164,"20250105",정규시즌,창원체육관,LG,소노
165,"20250105",정규시즌,잠실학생체육관,SK,KT
166,"20250105",정규시즌,안양 정관장 아레나,KGC,한국가스공사
167,"20250106",정규시즌,잠실실내체육관,삼성,KCC
168,"20250107",D리그 1차,이천 LG 챔피언스파크,LG,상무
169,"20250107",D리그 1차,이천 LG 챔피언스파크,KCC,삼성
170,"20250107",정규시즌,잠실학생체육관,SK,한국가스공사
171,"20250108",정규시즌,울산동천체육관,현대모비스,KGC
172,"20250109",정규시즌,잠실실내체육관,삼성,LG
173,"20250109",정규시즌,고양 소노 아레나,소노,KCC
174,"20250110",정규시즌,잠실학생체육관,SK,현대모비스
175,"20250110",정규시즌,대구체육관,한국가스공사,DB
176,"20250111",정규시즌,수원 KT 아레나,KT,삼성
177,"20250111",정규시즌,안양 정관장 아레나,KGC,LG
178,"20250111",정규시즌,고양 소노 아레나,소노,KCC
179,"20250112",정규시즌,원주종합체육관,DB,현대모비스
180,"20250112",정규시즌,안양 정관장 아레나,KGC,한국가스공사
181,"20250112",정규시즌,고양 소노 아레나,소노,SK
182,"20250113",정규시즌,부산사직체육관,KCC,삼성
183,"20250113",정규시즌,수원 KT 아레나,KT,LG
184,"20250114",정규시즌,원주종합체육관,DB,한국가스공사
185,"20250114",정규시즌,잠실학생체육관,SK,KGC
186,"20250115",정규시즌,창원체육관,LG,삼성
187,"20250115",정규시즌,고양 소노 아레나,소노,현대모비스
188,"20250116",정규시즌,잠실학생체육관,SK,DB
189,"20250116",정규시즌,대구체육관,한국가스공사,KT
190,"20250117",D리그 1차,이천 LG 챔피언스파크,KCC,상무
191,"20250117",D리그 1차,이천 LG 챔피언스파크,SK,KT
192,"20250119",올스타게임,부산사직체육관,크블몽 팀,공아지 팀
193,"20250120",D리그 1차,이천 LG 챔피언스파크,한국가스공사,SK
194,"20250120",D리그 1차,이천 LG 챔피언스파크,KT,현대모비스
195,"20250121",D리그 1차,이천 LG 챔피언스파크,SK,LG
196,"20250121",D리그 1차,이천 LG 챔피언스파크,상무,현대모비스
197,"20250122",정규시즌,수원 KT 아레나,KT,삼성
198,"20250122",정규시즌,안양 정관장 아레나,KGC,DB
199,"20250123",D리그 1차,이천 LG 챔피언스파크,한국가스공사,KCC
200,"20250123",정규시즌,울산동천체육관,현대모비스,SK
201,"20250123",정규시즌,창원체육관,LG,소노
202,"20250124",정규시즌,수원 KT 아레나,KT,KGC
203,"20250124",정규시즌,원주종합체육관,DB,삼성
204,"20250125",정규시즌,부산사직체육관,KCC,SK
205,"20250125",정규시즌,창원체육관,LG,현대모비스
206,"20250125",정규시즌,고양 소노 아레나,소노,한국가스공사
207,"20250126",정규시즌,울산동천체육관,현대모비스,KT
208,"20250126",정규시즌,잠실실내체육관,삼성,KGC
209,"20250126",정규시즌,부산사직체육관,KCC,DB
210,"20250127",D리그 1차,이천 LG 챔피언스파크,상무,SK
211,"20250127",D리그 1차,이천 LG 챔피언스파크,LG,삼성
212,"20250128",정규시즌,대구체육관,한국가스공사,KCC
213,"20250128",정규시즌,고양 소노 아레나,소노,KGC
214,"20250129",정규시즌,잠실실내체육관,삼성,SK
215,"20250129",정규시즌,원주종합체육관,DB,KT
216,"20250130",정규시즌,창원체육관,LG,한국가스공사
217,"20250130",정규시즌,울산동천체육관,현대모비스,KCC
218,"20250131",정규시즌,수원 KT 아레나,KT,소노
219,"20241201",정규시즌,잠실학생체육관,SK,KT
220,"20241201",정규시즌,고양 소노 아레나,소노,KCC
221,"20241201",정규시즌,대구체육관,한국가스공사,KGC
222,"20241202",정규시즌,잠실실내체육관,삼성,현대모비스
223,"20241203",D리그 1차,이천 LG 챔피언스파크,LG,SK
224,"20241203",D리그 1차,이천 LG 챔피언스파크,현대모비스,KT
225,"20241203",정규시즌,대구체육관,한국가스공사,소노
226,"20241204",정규시즌,원주종합체육관,DB,KGC
227,"20241205",정규시즌,울산동천체육관,현대모비스,LG
228,"20241205",정규시즌,대구체육관,한국가스공사,삼성
229,"20241206",정규시즌,안양 정관장 아레나,KGC,SK
230,"20241206",정규시즌,고양 소노 아레나,소노,KT
231,"20241207",정규시즌,울산동천체육관,현대모비스,한국가스공사
232,"20241207",정규시즌,잠실실내체육관,삼성,KCC
233,"20241207",정규시즌,창원체육관,LG,DB
234,"20241208",정규시즌,수원 KT 아레나,KT,KCC
235,"20241208",정규시즌,고양 소노 아레나,소노,SK
236,"20241208",정규시즌,울산동천체육관,현대모비스,KGC
237,"20241209",정규시즌,대구체육관,한국가스공사,LG
238,"20241210",정규시즌,부산사직체육관,KCC,SK
239,"20241211",정규시즌,안양 정관장 아레나,KGC,삼성
240,"20241212",정규시즌,대구체육관,한국가스공사,KCC
241,"20241212",정규시즌,울산동천체육관,현대모비스,DB
242,"20241213",정규시즌,고양 소노 아레나,소노,삼성
243,"20241213",정규시즌,안양 정관장 아레나,KGC,LG
244,"20241214",정규시즌,부산사직체육관,KCC,DB
245,"20241214",정규시즌,수원 KT 아레나,KT,한국가스공사
246,"20241214",정규시즌,잠실학생체육관,SK,현대모비스
247,"20241215",정규시즌,부산사직체육관,KCC,LG
248,"20241215",정규시즌,안양 정관장 아레나,KGC,소노
249,"20241215",정규시즌,잠실학생체육관,SK,삼성
250,"20241216",정규시즌,원주종합체육관,DB,KT
251,"20241217",D리그 1차,이천 LG 챔피언스파크,SK,현대모비스
252,"20241217",D리그 1차,이천 LG 챔피언스파크,한국가스공사,상무
253,"20241217",정규시즌,창원체육관,LG,삼성
254,"20241218",정규시즌,고양 소노 아레나,소노,KT
255,"20241219",정규시즌,울산동천체육관,현대모비스,삼성
256,"20241219",정규시즌,원주종합체육관,DB,KGC
257,"20241220",정규시즌,창원체육관,LG,KCC
258,"20241220",정규시즌,수원 KT 아레나,KT,한국가스공사
259,"20241221",정규시즌,고양 소노 아레나,소노,삼성
260,"20241221",정규시즌,안양 정관장 아레나,KGC,SK
261,"20241221",정규시즌,원주종합체육관,DB,현대모비스
262,"20241222",정규시즌,부산사직체육관,KCC,한국가스공사
263,"20241222",정규시즌,안양 정관장 아레나,KGC,LG
264,"20241222",정규시즌,원주종합체육관,DB,KT
265,"20241223",D리그 1차,이천 LG 챔피언스파크,SK,삼성
266,"20241223",D리그 1차,이천 LG 챔피언스파크,상무,LG
267,"20241224",정규시즌,수원 KT 아레나,KT,현대모비스
268,"20241225",정규시즌,부산사직체육관,KCC,KGC
269,"20241225",정규시즌,고양 소노 아레나,소노,DB
270,"20241225",정규시즌,잠실학생체육관,SK,삼성
271,"20241226",D리그 1차,이천 LG 챔피언스파크,상무,KT
272,"20241226",D리그 1차,이천 LG 챔피언스파크,현대모비스,삼성
273,"20241226",정규시즌,대구체육관,한국가스공사,LG
274,"20241227",정규시즌,부산사직체육관,KCC,현대모비스
275,"20241227",정규시즌,원주종합체육관,DB,SK
276,"20241228",정규시즌,창원체육관,LG,KT
277,"20241228",정규시즌,대구체육관,한국가스공사,소노
278,"20241228",정규시즌,안양 정관장 아레나,KGC,삼성
279,"20241229",정규시즌,창원체육관,LG,DB
280,"20241229",정규시즌,울산동천체육관,현대모비스,소노
281,"20241229",정규시즌,부산사직체육관,KCC,SK
282,"20241231",D리그 1차,이천 LG 챔피언스파크,삼성,KCC
283,"20241231",정규시즌,울산동천체육관,현대모비스,한국가스공사
284,"20241101",정규시즌,부산사직체육관,KCC,한국가스공사
285,"20241101",정규시즌,창원체육관,LG,SK
286,"20241102",정규시즌,수원 KT 아레나,KT,DB
287,"20241102",정규시즌,울산동천체육관,현대모비스,KGC
288,"20241102",정규시즌,잠실실내체육관,삼성,소노
289,"20241103",정규시즌,창원체육관,LG,현대모비스
290,"20241103",정규시즌,대구체육관,한국가스공사,SK
291,"20241103",정규시즌,부산사직체육관,KCC,KGC
292,"20241104",정규시즌,원주종합체육관,DB,소노
293,"20241105",정규시즌,대구체육관,한국가스공사,KT
294,"20241106",정규시즌,울산동천체육관,현대모비스,SK
295,"20241107",정규시즌,잠실실내체육관,삼성,LG
296,"20241107",정규시즌,안양 정관장 아레나,KGC,KT
297,"20241108",정규시즌,울산동천체육관,현대모비스,DB
298,"20241108",정규시즌,대구체육관,한국가스공사,소노
299,"20241109",정규시즌,수원 KT 아레나,KT,LG
300,"20241109",정규시즌,잠실학생체육관,SK,KCC
301,"20241109",정규시즌,안양 정관장 아레나,KGC,삼성
302,"20241110",정규시즌,원주종합체육관,DB,LG
303,"20241110",정규시즌,대구체육관,한국가스공사,현대모비스
304,"20241110",정규시즌,잠실학생체육관,SK,소노
305,"20241111",정규시즌,수원 KT 아레나,KT,KGC
306,"20241112",정규시즌,원주종합체육관,DB,SK
307,"20241113",정규시즌,고양 소노 아레나,소노,현대모비스
308,"20241114",정규시즌,대구체육관,한국가스공사,DB
309,"20241114",정규시즌,창원체육관,LG,KT
310,"20241121",D리그 1차,이천 LG 챔피언스파크,삼성,KT
311,"20241121",D리그 1차,이천 LG 챔피언스파크,한국가스공사,현대모비스
312,"20241122",D리그 1차,이천 LG 챔피언스파크,KCC,SK
313,"20241122",D리그 1차,이천 LG 챔피언스파크,한국가스공사,LG
314,"20241123",D리그 1차,이천 LG 챔피언스파크,KCC,KT
315,"20241123",D리그 1차,이천 LG 챔피언스파크,LG,현대모비스
316,"20241125",D리그 1차,이천 LG 챔피언스파크,KT,KCC
317,"20241125",D리그 1차,이천 LG 챔피언스파크,현대모비스,한국가스공사
318,"20241126",D리그 1차,이천 LG 챔피언스파크,KT,상무
319,"20241126",D리그 1차,이천 LG 챔피언스파크,삼성,한국가스공사
320,"20241127",정규시즌,부산사직체육관,KCC,현대모비스
321,"20241127",정규시즌,창원체육관,LG,SK
322,"20241128",정규시즌,잠실실내체육관,삼성,KT
323,"20241128",정규시즌,원주종합체육관,DB,소노
324,"20241129",정규시즌,잠실학생체육관,SK,한국가스공사
325,"20241129",정규시즌,안양 정관장 아레나,KGC,KCC
326,"20241130",정규시즌,수원 KT 아레나,KT,현대모비스
327,"20241130",정규시즌,고양 소노 아레나,소노,LG
328,"20241130",정규시즌,잠실실내체육관,삼성,DB
329,"20241005",KBL컵대회,제천체육관,상무,삼성
330,"20241005",KBL컵대회,제천체육관,소노,현대모비스
331,"20241006",KBL컵대회,제천체육관,KT,KCC
332,"20241006",KBL컵대회,제천체육관,SK,DB
333,"20241007",KBL컵대회,제천체육관,KGC,소노
334,"20241007",KBL컵대회,제천체육관,한국가스공사,상무
335,"20241008",KBL컵대회,제천체육관,LG,KT
336,"20241008",KBL컵대회,제천체육관,DB,SK
337,"20241009",KBL컵대회,제천체육관,삼성,한국가스공사
338,"20241009",KBL컵대회,제천체육관,현대모비스,KGC
339,"20241010",KBL컵대회,제천체육관,KCC,LG
340,"20241012",KBL컵대회,제천체육관,현대모비스,DB
341,"20241012",KBL컵대회,제천체육관,한국가스공사,KT
342,"20241013",KBL컵대회,제천체육관,DB,KT
343,"20241019",정규시즌,부산사직체육관,KCC,KT
344,"20241019",정규시즌,원주종합체육관,DB,삼성
345,"20241019",정규시즌,창원체육관,LG,한국가스공사
346,"20241020",정규시즌,수원 KT 아레나,KT,삼성
347,"20241020",정규시즌,잠실학생체육관,SK,KGC
348,"20241020",정규시즌,울산동천체육관,현대모비스,소노
349,"20241021",정규시즌,창원체육관,LG,KCC
350,"20241022",정규시즌,잠실학생체육관,SK,DB
351,"20241023",정규시즌,부산사직체육관,KCC,소노
352,"20241024",정규시즌,원주종합체육관,DB,한국가스공사
353,"20241024",정규시즌,창원체육관,LG,KGC
354,"20241025",정규시즌,부산사직체육관,KCC,현대모비스
355,"20241025",정규시즌,수원 KT 아레나,KT,SK
356,"20241026",정규시즌,대구체육관,한국가스공사,삼성
357,"20241026",정규시즌,고양 소노 아레나,소노,LG
358,"20241026",정규시즌,안양 정관장 아레나,KGC,DB
359,"20241027",정규시즌,잠실실내체육관,삼성,SK
360,"20241027",정규시즌,수원 KT 아레나,KT,현대모비스
361,"20241027",정규시즌,원주종합체육관,DB,KCC
362,"20241028",정규시즌,고양 소노 아레나,소노,KGC
363,"20241029",정규시즌,잠실실내체육관,삼성,KCC
364,"20241030",정규시즌,안양 정관장 아레나,KGC,한국가스공사
365,"20241031",정규시즌,고양 소노 아레나,소노,KT
366,"20241031",정규시즌,잠실실내체육관,삼성,현대모비스
367,"20240501",챔피언결정전,부산사직체육관,KCC,KT
368,"20240503",챔피언결정전,부산사직체육관,KCC,KT
369,"20240505",챔피언결정전,수원 KT 아레나,KT,KCC
370,"20240404",플레이오프,잠실학생체육관,SK,KCC
371,"20240405",플레이오프,수원 KT 아레나,KT,현대모비스
372,"20240406",플레이오프,잠실학생체육관,SK,KCC
373,"20240407",플레이오프,수원 KT 아레나,KT,현대모비스
374,"20240408",플레이오프,부산사직체육관,KCC,SK
375,"20240409",플레이오프,울산동천체육관,현대모비스,KT
376,"20240411",플레이오프,울산동천체육관,현대모비스,KT
377,"20240415",플레이오프,원주종합체육관,DB,KCC
378,"20240416",플레이오프,창원체육관,LG,KT
379,"20240417",플레이오프,원주종합체육관,DB,KCC
380,"20240418",플레이오프,창원체육관,LG,KT
381,"20240419",플레이오프,부산사직체육관,KCC,DB
382,"20240420",플레이오프,수원 KT 아레나,KT,LG
383,"20240421",플레이오프,부산사직체육관,KCC,DB
384,"20240422",플레이오프,수원 KT 아레나,KT,LG
385,"20240424",플레이오프,창원체육관,LG,KT
386,"20240427",챔피언결정전,수원 KT 아레나,KT,KCC
387,"20240429",챔피언결정전,수원 KT 아레나,KT,KCC
388,"20240301",정규시즌,잠실학생체육관,SK,한국가스공사
389,"20240301",정규시즌,울산동천체육관,현대모비스,소노
390,"20240301",정규시즌,창원체육관,LG,KGC
391,"20240302",정규시즌,부산사직체육관,KCC,KT
392,"20240302",정규시즌,원주종합체육관,DB,한국가스공사
393,"20240302",정규시즌,잠실실내체육관,삼성,현대모비스
394,"20240303",정규시즌,수원 KT 아레나,KT,LG
395,"20240303",정규시즌,안양 정관장 아레나,KGC,소노
396,"20240303",정규시즌,잠실학생체육관,SK,KCC
397,"20240304",정규시즌,잠실실내체육관,삼성,한국가스공사
398,"20240305",D리그 1차,이천 LG 챔피언스파크,KT,DB
399,"20240305",D리그 1차,이천 LG 챔피언스파크,한국가스공사,LG
400,"20240305",정규시즌,고양 소노 아레나,소노,KCC
401,"20240305",정규시즌,잠실학생체육관,SK,현대모비스
402,"20240307",정규시즌,창원체육관,LG,한국가스공사
403,"20240307",정규시즌,잠실실내체육관,삼성,DB
404,"20240307",정규시즌,수원 KT 아레나,KT,KCC
405,"20240309",정규시즌,수원 KT 아레나,KT,현대모비스
406,"20240309",정규시즌,원주종합체육관,DB,KCC
407,"20240309",정규시즌,잠실실내체육관,삼성,소노
408,"20240311",정규시즌,창원체육관,LG,KT
409,"20240312",플레이오프,이천 LG 챔피언스파크,상무,DB
410,"20240312",플레이오프,이천 LG 챔피언스파크,현대모비스,KT
411,"20240313",챔피언결정전,이천 LG 챔피언스파크,상무,KT
412,"20240313",정규시즌,안양 정관장 아레나,KGC,소노
413,"20240313",정규시즌,잠실학생체육관,SK,한국가스공사
414,"20240314",정규시즌,원주종합체육관,DB,KT
415,"20240314",정규시즌,안양 정관장 아레나,KGC,삼성
416,"20240315",정규시즌,대구체육관,한국가스공사,KCC
417,"20240315",정규시즌,고양 소노 아레나,소노,LG
418,"20240316",정규시즌,수원 KT 아레나,KT,삼성
419,"20240316",정규시즌,울산동천체육관,현대모비스,DB
420,"20240316",정규시즌,안양 정관장 아레나,KGC,SK
421,"20240317",정규시즌,대구체육관,한국가스공사,소노
422,"20240317",정규시즌,부산사직체육관,KCC,KT
423,"20240317",정규시즌,창원체육관,LG,DB
424,"20240318",정규시즌,잠실실내체육관,삼성,현대모비스
425,"20240319",정규시즌,창원체육관,LG,KGC
426,"20240319",정규시즌,잠실학생체육관,SK,소노
427,"20240320",정규시즌,부산사직체육관,KCC,삼성
428,"20240321",정규시즌,안양 정관장 아레나,KGC,한국가스공사
429,"20240321",정규시즌,잠실학생체육관,SK,DB
430,"20240322",정규시즌,부산사직체육관,KCC,LG
431,"20240322",정규시즌,고양 소노 아레나,소노,현대모비스
432,"20240323",정규시즌,수원 KT 아레나,KT,한국가스공사
433,"20240323",정규시즌,원주종합체육관,DB,KGC
434,"20240323",정규시즌,잠실학생체육관,SK,삼성
435,"20240324",정규시즌,울산동천체육관,현대모비스,LG
436,"20240324",정규시즌,원주종합체육관,DB,소노
437,"20240324",정규시즌,잠실실내체육관,삼성,KCC
438,"20240325",정규시즌,잠실학생체육관,SK,KT
439,"20240326",정규시즌,부산사직체육관,KCC,KGC
440,"20240326",정규시즌,대구체육관,한국가스공사,현대모비스
441,"20240328",정규시즌,수원 KT 아레나,KT,KGC
442,"20240328",정규시즌,잠실학생체육관,SK,LG
443,"20240329",정규시즌,부산사직체육관,KCC,현대모비스
444,"20240331",정규시즌,울산동천체육관,현대모비스,KGC
445,"20240331",정규시즌,부산사직체육관,KCC,SK
446,"20240331",정규시즌,원주종합체육관,DB,한국가스공사
447,"20240331",정규시즌,고양 소노 아레나,소노,KT
448,"20240331",정규시즌,창원체육관,LG,삼성
449,"20240201",정규시즌,수원 KT 아레나,KT,한국가스공사
450,"20240201",정규시즌,고양 소노 아레나,소노,LG
451,"20240202",정규시즌,울산동천체육관,현대모비스,DB
452,"20240202",정규시즌,부산사직체육관,KCC,KGC
453,"20240203",정규시즌,잠실학생체육관,SK,KT
454,"20240203",정규시즌,대구체육관,한국가스공사,소노
455,"20240203",정규시즌,잠실실내체육관,삼성,LG
456,"20240204",정규시즌,안양 정관장 아레나,KGC,DB
457,"20240204",정규시즌,울산동천체육관,현대모비스,SK
458,"20240204",정규시즌,잠실실내체육관,삼성,KCC
459,"20240205",정규시즌,고양 소노 아레나,소노,KT
460,"20240206",D리그 1차,이천 LG 챔피언스파크,현대모비스,KCC
461,"20240206",D리그 1차,이천 LG 챔피언스파크,KT,상무
462,"20240206",정규시즌,창원체육관,LG,DB
463,"20240206",정규시즌,대구체육관,한국가스공사,삼성
464,"20240208",정규시즌,부산사직체육관,KCC,LG
465,"20240208",정규시즌,대구체육관,한국가스공사,현대모비스
466,"20240209",정규시즌,수원 KT 아레나,KT,DB
467,"20240209",정규시즌,고양 소노 아레나,소노,삼성
468,"20240210",정규시즌,잠실학생체육관,SK,KGC
469,"20240210",정규시즌,대구체육관,한국가스공사,LG
470,"20240210",정규시즌,울산동천체육관,현대모비스,KCC
471,"20240211",정규시즌,잠실실내체육관,삼성,SK
472,"20240211",정규시즌,안양 정관장 아레나,KGC,KT
473,"20240211",정규시즌,원주종합체육관,DB,소노
474,"20240212",정규시즌,창원체육관,LG,현대모비스
475,"20240212",정규시즌,부산사직체육관,KCC,한국가스공사
476,"20240213",정규시즌,원주종합체육관,DB,SK
477,"20240213",정규시즌,잠실실내체육관,삼성,KGC
478,"20240214",정규시즌,수원 KT 아레나,KT,현대모비스
479,"20240214",정규시즌,고양 소노 아레나,소노,KCC
480,"20240215",D리그 1차,이천 LG 챔피언스파크,DB,KCC
481,"20240215",D리그 1차,이천 LG 챔피언스파크,현대모비스,KT
482,"20240215",정규시즌,안양 정관장 아레나,KGC,한국가스공사
483,"20240215",정규시즌,잠실학생체육관,SK,LG
484,"20240228",정규시즌,울산동천체육관,현대모비스,KGC
485,"20240228",정규시즌,잠실학생체육관,SK,소노
486,"20240229",정규시즌,부산사직체육관,KCC,DB
487,"20240229",정규시즌,잠실실내체육관,삼성,KT
488,"20240101",정규시즌,수원 KT 아레나,KT,KCC
489,"20240101",정규시즌,잠실실내체육관,삼성,SK
490,"20240102",정규시즌,원주종합체육관,DB,소노
491,"20240102",정규시즌,안양 정관장 아레나,KGC,LG
492,"20240103",정규시즌,부산사직체육관,KCC,SK
493,"20240104",D리그 1차,이천 LG 챔피언스파크,LG,상무
494,"20240104",D리그 1차,이천 LG 챔피언스파크,현대모비스,DB
495,"20240104",정규시즌,대구체육관,한국가스공사,KGC
496,"20240104",정규시즌,잠실실내체육관,삼성,KT
497,"20240105",정규시즌,잠실학생체육관,SK,소노
498,"20240106",정규시즌,창원체육관,LG,한국가스공사
499,"20240106",정규시즌,울산동천체육관,현대모비스,KT
500,"20240106",정규시즌,잠실실내체육관,삼성,DB
501,"20240107",정규시즌,잠실학생체육관,SK,KGC
502,"20240107",정규시즌,부산사직체육관,KCC,소노
503,"20240107",정규시즌,창원체육관,LG,현대모비스
504,"20240108",정규시즌,원주종합체육관,DB,KT
505,"20240108",정규시즌,대구체육관,한국가스공사,삼성
506,"20240109",정규시즌,창원체육관,LG,SK
507,"20240109",정규시즌,부산사직체육관,KCC,현대모비스
508,"20240110",D리그 1차,이천 LG 챔피언스파크,DB,한국가스공사
509,"20240110",D리그 1차,이천 LG 챔피언스파크,상무,KT
510,"20240111",D리그 1차,이천 LG 챔피언스파크,DB,LG
511,"20240111",D리그 1차,이천 LG 챔피언스파크,한국가스공사,현대모비스
512,"20240111",정규시즌,부산사직체육관,KCC,SK
513,"20240114",올스타게임,고양 소노 아레나,크블몽 팀,공아지 팀
514,"20240115",D리그 1차,이천 LG 챔피언스파크,한국가스공사,상무
515,"20240115",D리그 1차,이천 LG 챔피언스파크,KCC,SK
516,"20240116",D리그 1차,이천 LG 챔피언스파크,SK,한국가스공사
517,"20240116",D리그 1차,이천 LG 챔피언스파크,KT,LG
518,"20240117",정규시즌,부산사직체육관,KCC,DB
519,"20240117",정규시즌,고양 소노 아레나,소노,KGC
520,"20240118",정규시즌,대구체육관,한국가스공사,KT
521,"20240118",정규시즌,잠실학생체육관,SK,현대모비스
522,"20240119",정규시즌,부산사직체육관,KCC,LG
523,"20240119",정규시즌,안양 정관장 아레나,KGC,삼성
524,"20240120",정규시즌,울산동천체육관,현대모비스,한국가스공사
525,"20240120",정규시즌,잠실학생체육관,SK,DB
526,"20240120",정규시즌,고양 소노 아레나,소노,KT
527,"20240121",정규시즌,원주종합체육관,DB,LG
528,"20240121",정규시즌,잠실실내체육관,삼성,KCC
529,"20240121",정규시즌,안양 정관장 아레나,KGC,현대모비스
530,"20240122",정규시즌,잠실학생체육관,SK,한국가스공사
531,"20240123",D리그 1차,이천 LG 챔피언스파크,LG,KT
532,"20240123",D리그 1차,이천 LG 챔피언스파크,SK,KCC
533,"20240123",정규시즌,원주종합체육관,DB,현대모비스
534,"20240123",정규시즌,고양 소노 아레나,소노,삼성
535,"20240125",정규시즌,수원 KT 아레나,KT,SK
536,"20240125",정규시즌,대구체육관,한국가스공사,KCC
537,"20240126",정규시즌,창원체육관,LG,삼성
538,"20240126",정규시즌,울산동천체육관,현대모비스,소노
539,"20240127",정규시즌,수원 KT 아레나,KT,KGC
540,"20240127",정규시즌,대구체육관,한국가스공사,DB
541,"20240127",정규시즌,잠실학생체육관,SK,KCC
542,"20240128",정규시즌,수원 KT 아레나,KT,LG
543,"20240128",정규시즌,울산동천체육관,현대모비스,삼성
544,"20240128",정규시즌,고양 소노 아레나,소노,한국가스공사
545,"20240129",정규시즌,부산사직체육관,KCC,KGC
546,"20240130",D리그 1차,이천 LG 챔피언스파크,한국가스공사,KT
547,"20240130",D리그 1차,이천 LG 챔피언스파크,현대모비스,상무
548,"20240130",정규시즌,고양 소노 아레나,소노,LG
549,"20240130",정규시즌,잠실실내체육관,삼성,DB
550,"20231201",정규시즌,안양 정관장 아레나,KGC,현대모비스
551,"20231201",정규시즌,잠실실내체육관,삼성,소노
552,"20231202",정규시즌,원주종합체육관,DB,LG
553,"20231202",정규시즌,잠실학생체육관,SK,KCC
554,"20231202",정규시즌,대구체육관,한국가스공사,KT
555,"20231203",정규시즌,울산동천체육관,현대모비스,소노
556,"20231203",정규시즌,잠실학생체육관,SK,KGC
557,"20231203",정규시즌,부산사직체육관,KCC,삼성
558,"20231204",정규시즌,원주종합체육관,DB,한국가스공사
559,"20231205",D리그 1차,이천 LG 챔피언스파크,KCC,상무
560,"20231205",D리그 1차,이천 LG 챔피언스파크,현대모비스,SK
561,"20231205",정규시즌,수원 KT 아레나,KT,소노
562,"20231205",정규시즌,잠실실내체육관,삼성,LG
563,"20231207",정규시즌,창원체육관,LG,KCC
564,"20231207",정규시즌,울산동천체육관,현대모비스,SK
565,"20231208",정규시즌,고양 소노 아레나,소노,한국가스공사
566,"20231208",정규시즌,원주종합체육관,DB,삼성
567,"20231209",정규시즌,울산동천체육관,현대모비스,KGC
568,"20231209",정규시즌,창원체육관,LG,KT
569,"20231210",정규시즌,고양 소노 아레나,소노,한국가스공사
570,"20231210",정규시즌,원주종합체육관,DB,KGC
571,"20231211",정규시즌,울산동천체육관,현대모비스,LG
572,"20231212",정규시즌,수원 KT 아레나,KT,삼성
573,"20231212",정규시즌,원주종합체육관,DB,SK
574,"20231212",정규시즌,부산사직체육관,KCC,한국가스공사
575,"20231214",정규시즌,대구체육관,한국가스공사,SK
576,"20231215",정규시즌,수원 KT 아레나,KT,소노
577,"20231215",정규시즌,부산사직체육관,KCC,DB
578,"20231216",정규시즌,안양 정관장 아레나,KGC,삼성
579,"20231216",정규시즌,대구체육관,한국가스공사,LG
580,"20231216",정규시즌,잠실학생체육관,SK,현대모비스
581,"20231217",정규시즌,원주종합체육관,DB,KT
582,"20231217",정규시즌,창원체육관,LG,삼성
583,"20231217",정규시즌,부산사직체육관,KCC,소노
584,"20231218",D리그 1차,이천 LG 챔피언스파크,DB,SK
585,"20231218",정규시즌,안양 정관장 아레나,KGC,한국가스공사
586,"20231219",정규시즌,수원 KT 아레나,KT,SK
587,"20231219",정규시즌,울산동천체육관,현대모비스,KCC
588,"20231221",D리그 1차,이천 LG 챔피언스파크,KCC,현대모비스
589,"20231221",D리그 1차,이천 LG 챔피언스파크,상무,LG
590,"20231221",정규시즌,대구체육관,한국가스공사,DB
591,"20231221",정규시즌,고양 소노 아레나,소노,SK
592,"20231222",정규시즌,울산동천체육관,현대모비스,KT
593,"20231222",정규시즌,안양 정관장 아레나,KGC,KCC
594,"20231223",정규시즌,창원체육관,LG,SK
595,"20231223",정규시즌,고양 소노 아레나,소노,DB
596,"20231223",정규시즌,대구체육관,한국가스공사,삼성
597,"20231224",정규시즌,고양 소노 아레나,소노,현대모비스
598,"20231224",정규시즌,안양 정관장 아레나,KGC,KT
599,"20231224",정규시즌,창원체육관,LG,KCC
600,"20231225",정규시즌,원주종합체육관,DB,현대모비스
601,"20231225",정규시즌,잠실학생체육관,SK,삼성
602,"20231225",정규시즌,대구체육관,한국가스공사,KCC
603,"20231226",정규시즌,창원체육관,LG,KGC
604,"20231228",정규시즌,대구체육관,한국가스공사,KT
605,"20231228",정규시즌,고양 소노 아레나,소노,KGC
606,"20231228",정규시즌,울산동천체육관,현대모비스,삼성
607,"20231229",정규시즌,원주종합체육관,DB,LG
608,"20231230",정규시즌,고양 소노 아레나,소노,삼성
609,"20231230",정규시즌,안양 정관장 아레나,KGC,SK
610,"20231230",정규시즌,수원 KT 아레나,KT,KCC
611,"20231231",정규시즌,안양 정관장 아레나,KGC,DB
612,"20231231",정규시즌,창원체육관,LG,소노
613,"20231231",정규시즌,대구체육관,한국가스공사,현대모비스
614,"20231101",D리그 1차,이천 LG 챔피언스파크,KT,KCC
615,"20231101",D리그 1차,이천 LG 챔피언스파크,DB,현대모비스
616,"20231102",정규시즌,창원체육관,LG,소노
617,"20231102",정규시즌,잠실실내체육관,삼성,KGC
618,"20231103",정규시즌,울산동천체육관,현대모비스,KCC
619,"20231103",정규시즌,대구체육관,한국가스공사,DB
620,"20231104",정규시즌,창원체육관,LG,SK
621,"20231104",정규시즌,안양 정관장 아레나,KGC,소노
622,"20231104",정규시즌,잠실실내체육관,삼성,KT
623,"20231105",정규시즌,울산동천체육관,현대모비스,DB
624,"20231105",정규시즌,대구체육관,한국가스공사,KGC
625,"20231106",정규시즌,수원 KT 아레나,KT,소노
626,"20231107",D리그 1차,이천 LG 챔피언스파크,LG,현대모비스
627,"20231107",D리그 1차,이천 LG 챔피언스파크,KT,한국가스공사
628,"20231107",정규시즌,안양 정관장 아레나,KGC,KCC
629,"20231107",정규시즌,원주종합체육관,DB,삼성
630,"20231109",정규시즌,수원 KT 아레나,KT,한국가스공사
631,"20231109",정규시즌,울산동천체육관,현대모비스,삼성
632,"20231110",정규시즌,창원체육관,LG,KCC
633,"20231110",정규시즌,원주종합체육관,DB,KGC
634,"20231111",정규시즌,잠실실내체육관,삼성,SK
635,"20231111",정규시즌,대구체육관,한국가스공사,소노
636,"20231111",정규시즌,수원 KT 아레나,KT,현대모비스
637,"20231112",정규시즌,원주종합체육관,DB,SK
638,"20231112",정규시즌,안양 정관장 아레나,KGC,LG
639,"20231112",정규시즌,고양 소노 아레나,소노,KCC
640,"20231113",정규시즌,울산동천체육관,현대모비스,KT
641,"20231114",D리그 1차,이천 LG 챔피언스파크,상무,한국가스공사
642,"20231114",D리그 1차,이천 LG 챔피언스파크,LG,SK
643,"20231114",정규시즌,원주종합체육관,DB,KCC
644,"20231114",정규시즌,잠실실내체육관,삼성,KGC
645,"20231116",정규시즌,원주종합체육관,DB,현대모비스
646,"20231116",정규시즌,대구체육관,한국가스공사,SK
647,"20231117",정규시즌,부산사직체육관,KCC,소노
648,"20231117",정규시즌,안양 정관장 아레나,KGC,LG
649,"20231118",정규시즌,수원 KT 아레나,KT,SK
650,"20231118",정규시즌,울산동천체육관,현대모비스,한국가스공사
651,"20231118",정규시즌,원주종합체육관,DB,삼성
652,"20231119",정규시즌,창원체육관,LG,한국가스공사
653,"20231119",정규시즌,안양 정관장 아레나,KGC,KCC
654,"20231119",정규시즌,고양 소노 아레나,소노,DB
655,"20231120",정규시즌,잠실학생체육관,SK,삼성
656,"20231121",D리그 1차,이천 LG 챔피언스파크,KCC,LG
657,"20231121",D리그 1차,이천 LG 챔피언스파크,SK,현대모비스
658,"20231121",정규시즌,수원 KT 아레나,KT,DB
659,"20231121",정규시즌,대구체육관,한국가스공사,KGC
660,"20231122",D리그 1차,이천 LG 챔피언스파크,KCC,DB
661,"20231122",D리그 1차,이천 LG 챔피언스파크,SK,KT
662,"20231123",정규시즌,창원체육관,LG,현대모비스
663,"20231123",정규시즌,잠실실내체육관,삼성,한국가스공사
664,"20231124",정규시즌,안양 정관장 아레나,KGC,KT
665,"20231124",정규시즌,잠실학생체육관,SK,DB
666,"20231125",정규시즌,창원체육관,LG,소노
667,"20231125",정규시즌,잠실실내체육관,삼성,현대모비스
668,"20231125",정규시즌,부산사직체육관,KCC,한국가스공사
669,"20231126",정규시즌,수원 KT 아레나,KT,삼성
670,"20231126",정규시즌,안양 정관장 아레나,KGC,DB
671,"20231126",정규시즌,고양 소노 아레나,소노,SK
672,"20231127",D리그 1차,이천 LG 챔피언스파크,LG,한국가스공사
673,"20231127",D리그 1차,이천 LG 챔피언스파크,상무,SK
674,"20231127",정규시즌,부산사직체육관,KCC,현대모비스
675,"20231128",정규시즌,수원 KT 아레나,KT,LG
676,"20231128",정규시즌,고양 소노 아레나,소노,KGC
677,"20231129",D리그 1차,이천 LG 챔피언스파크,한국가스공사,KCC
678,"20231129",D리그 1차,이천 LG 챔피언스파크,SK,DB
679,"20231130",정규시즌,부산사직체육관,KCC,KT
680,"20231130",정규시즌,잠실학생체육관,SK,LG
681,"20231008",KBL컵대회,군산월명체육관,상무,KT
682,"20231008",KBL컵대회,군산월명체육관,삼성,SK
683,"20231009",KBL컵대회,군산월명체육관,한국가스공사,KCC
684,"20231009",KBL컵대회,군산월명체육관,KGC,현대모비스
685,"20231010",KBL컵대회,군산월명체육관,소노,삼성
686,"20231010",KBL컵대회,군산월명체육관,DB,상무
687,"20231011",KBL컵대회,군산월명체육관,LG,한국가스공사
688,"20231011",KBL컵대회,군산월명체육관,현대모비스,KGC
689,"20231012",KBL컵대회,군산월명체육관,KT,DB
690,"20231012",KBL컵대회,군산월명체육관,SK,소노
691,"20231013",KBL컵대회,군산월명체육관,KCC,LG
692,"20231014",KBL컵대회,군산월명체육관,SK,현대모비스
693,"20231014",KBL컵대회,군산월명체육관,KT,KCC
694,"20231015",KBL컵대회,군산월명체육관,현대모비스,KCC
695,"20231021",정규시즌,안양 정관장 아레나,KGC,SK
696,"20231021",정규시즌,창원체육관,LG,KT
697,"20231021",정규시즌,울산동천체육관,현대모비스,한국가스공사
698,"20231022",정규시즌,잠실학생체육관,SK,KT
699,"20231022",정규시즌,고양 소노 아레나,소노,DB
700,"20231022",정규시즌,부산사직체육관,KCC,삼성
701,"20231023",정규시즌,울산동천체육관,현대모비스,LG
702,"20231024",정규시즌,고양 소노 아레나,소노,SK
703,"20231026",정규시즌,창원체육관,LG,DB
704,"20231027",정규시즌,울산동천체육관,현대모비스,SK
705,"20231027",정규시즌,잠실실내체육관,삼성,소노
706,"20231028",정규시즌,원주종합체육관,DB,KCC
707,"20231028",정규시즌,대구체육관,한국가스공사,LG
708,"20231028",정규시즌,수원 KT 아레나,KT,KGC
709,"20231029",정규시즌,잠실실내체육관,삼성,LG
710,"20231029",정규시즌,대구체육관,한국가스공사,SK
711,"20231029",정규시즌,고양 소노 아레나,소노,현대모비스
712,"20231030",정규시즌,수원 KT 아레나,KT,DB
713,"20231031",D리그 1차,이천 LG 챔피언스파크,상무,DB
714,"20231031",정규시즌,안양 정관장 아레나,KGC,현대모비스
715,"20231031",정규시즌,잠실실내체육관,삼성,한국가스공사
716,"20230501",챔피언결정전,잠실학생체육관,SK,KGC
717,"20230503",챔피언결정전,잠실학생체육관,SK,KGC
718,"20230505",챔피언결정전,안양실내체육관,KGC,SK
719,"20230507",챔피언결정전,안양실내체육관,KGC,SK
720,"20230402",플레이오프,울산동천체육관,현대모비스,캐롯
721,"20230403",플레이오프,잠실학생체육관,SK,KCC
722,"20230404",플레이오프,울산동천체육관,현대모비스,캐롯
723,"20230405",플레이오프,잠실학생체육관,SK,KCC
724,"20230406",플레이오프,고양체육관,캐롯,현대모비스
725,"20230407",플레이오프,전주실내체육관,KCC,SK
726,"20230408",플레이오프,고양체육관,캐롯,현대모비스
727,"20230410",플레이오프,울산동천체육관,현대모비스,캐롯
728,"20230413",플레이오프,안양실내체육관,KGC,캐롯
729,"20230414",플레이오프,창원체육관,LG,SK
730,"20230415",플레이오프,안양실내체육관,KGC,캐롯
731,"20230416",플레이오프,창원체육관,LG,SK
732,"20230417",플레이오프,고양체육관,캐롯,KGC
733,"20230418",플레이오프,잠실학생체육관,SK,LG
734,"20230419",플레이오프,고양체육관,캐롯,KGC
735,"20230425",챔피언결정전,안양실내체육관,KGC,SK
736,"20230427",챔피언결정전,안양실내체육관,KGC,SK
737,"20230429",챔피언결정전,잠실학생체육관,SK,KGC
738,"20230301",정규시즌,전주실내체육관,KCC,삼성
739,"20230301",정규시즌,대구체육관,한국가스공사,캐롯
740,"20230301",정규시즌,수원 KT 아레나,KT,DB
741,"20230302",정규시즌,울산동천체육관,현대모비스,LG
742,"20230304",정규시즌,원주종합체육관,DB,한국가스공사
743,"20230304",정규시즌,고양체육관,캐롯,KCC
744,"20230304",정규시즌,잠실실내체육관,삼성,현대모비스
745,"20230304",정규시즌,창원체육관,LG,KT
746,"20230307",정규시즌,원주종합체육관,DB,캐롯
747,"20230308",정규시즌,잠실학생체육관,SK,KT
748,"20230309",정규시즌,전주실내체육관,KCC,LG
749,"20230309",정규시즌,대구체육관,한국가스공사,캐롯
750,"20230310",정규시즌,울산동천체육관,현대모비스,SK
751,"20230310",정규시즌,잠실실내체육관,삼성,KGC
752,"20230311",정규시즌,고양체육관,캐롯,LG
753,"20230311",정규시즌,전주실내체육관,KCC,DB
754,"20230311",정규시즌,대구체육관,한국가스공사,KT
755,"20230312",정규시즌,전주실내체육관,KCC,삼성
756,"20230312",정규시즌,잠실학생체육관,SK,KGC
757,"20230312",정규시즌,원주종합체육관,DB,현대모비스
758,"20230313",정규시즌,수원 KT 아레나,KT,캐롯
759,"20230314",정규시즌,울산동천체육관,현대모비스,한국가스공사
760,"20230315",정규시즌,고양체육관,캐롯,KCC
761,"20230316",정규시즌,잠실실내체육관,삼성,DB
762,"20230316",정규시즌,안양실내체육관,KGC,LG
763,"20230317",정규시즌,대구체육관,한국가스공사,SK
764,"20230317",정규시즌,울산동천체육관,현대모비스,KCC
765,"20230318",정규시즌,잠실실내체육관,삼성,LG
766,"20230318",정규시즌,원주종합체육관,DB,캐롯
767,"20230318",정규시즌,안양실내체육관,KGC,KT
768,"20230319",정규시즌,잠실실내체육관,삼성,SK
769,"20230319",정규시즌,수원 KT 아레나,KT,현대모비스
770,"20230319",정규시즌,창원체육관,LG,DB
771,"20230320",정규시즌,안양실내체육관,KGC,KCC
772,"20230321",정규시즌,울산동천체육관,현대모비스,삼성
773,"20230322",정규시즌,잠실학생체육관,SK,캐롯
774,"20230323",정규시즌,창원체육관,LG,한국가스공사
775,"20230323",정규시즌,원주종합체육관,DB,KT
776,"20230324",정규시즌,잠실학생체육관,SK,KCC
777,"20230324",정규시즌,울산동천체육관,현대모비스,KGC
778,"20230325",정규시즌,수원 KT 아레나,KT,LG
779,"20230325",정규시즌,잠실실내체육관,삼성,캐롯
780,"20230325",정규시즌,원주종합체육관,DB,한국가스공사
781,"20230326",정규시즌,전주실내체육관,KCC,KT
782,"20230326",정규시즌,창원체육관,LG,SK
783,"20230326",정규시즌,안양실내체육관,KGC,DB
784,"20230327",정규시즌,고양체육관,캐롯,현대모비스
785,"20230327",정규시즌,잠실실내체육관,삼성,한국가스공사
786,"20230329",정규시즌,잠실학생체육관,SK,DB
787,"20230329",정규시즌,창원체육관,LG,현대모비스
788,"20230329",정규시즌,수원 KT 아레나,KT,삼성
789,"20230329",정규시즌,전주실내체육관,KCC,한국가스공사
790,"20230329",정규시즌,고양체육관,캐롯,KGC
791,"20230201",정규시즌,잠실학생체육관,SK,LG
792,"20230202",정규시즌,고양체육관,캐롯,KGC
793,"20230202",정규시즌,잠실실내체육관,삼성,KT
794,"20230203",정규시즌,창원체육관,LG,DB
795,"20230204",정규시즌,안양실내체육관,KGC,삼성
796,"20230204",정규시즌,울산동천체육관,현대모비스,캐롯
797,"20230204",정규시즌,대구체육관,한국가스공사,KT
798,"20230205",정규시즌,울산동천체육관,현대모비스,DB
799,"20230205",정규시즌,전주실내체육관,KCC,LG
800,"20230205",정규시즌,잠실학생체육관,SK,캐롯
801,"20230206",정규시즌,수원 KT 아레나,KT,KGC
802,"20230207",D리그 1차,이천 LG 챔피언스파크,KCC,KT
803,"20230207",정규시즌,잠실학생체육관,SK,현대모비스
804,"20230208",정규시즌,대구체육관,한국가스공사,LG
805,"20230209",정규시즌,안양실내체육관,KGC,DB
806,"20230209",정규시즌,전주실내체육관,KCC,현대모비스
807,"20230210",정규시즌,창원체육관,LG,삼성
808,"20230210",정규시즌,고양체육관,캐롯,KT
809,"20230211",정규시즌,잠실학생체육관,SK,한국가스공사
810,"20230211",정규시즌,안양실내체육관,KGC,현대모비스
811,"20230212",정규시즌,잠실학생체육관,SK,LG
812,"20230212",정규시즌,수원 KT 아레나,KT,KCC
813,"20230212",정규시즌,대구체육관,한국가스공사,KGC
814,"20230213",정규시즌,잠실실내체육관,삼성,DB
815,"20230214",D리그 1차,이천 LG 챔피언스파크,상무,한국가스공사
816,"20230214",D리그 1차,이천 LG 챔피언스파크,KCC,현대모비스
817,"20230214",정규시즌,잠실학생체육관,SK,KT
818,"20230215",정규시즌,안양실내체육관,KGC,LG
819,"20230216",정규시즌,대구체육관,한국가스공사,현대모비스
820,"20230216",정규시즌,잠실실내체육관,삼성,SK
821,"20230217",정규시즌,창원체육관,LG,캐롯
822,"20230217",정규시즌,안양실내체육관,KGC,KCC
823,"20230218",정규시즌,원주종합체육관,DB,SK
824,"20230218",정규시즌,잠실실내체육관,삼성,한국가스공사
825,"20230218",정규시즌,울산동천체육관,현대모비스,KT
826,"20230219",정규시즌,고양체육관,캐롯,삼성
827,"20230219",정규시즌,대구체육관,한국가스공사,KCC
828,"20230219",정규시즌,잠실학생체육관,SK,KGC
829,"20230220",D리그 1차,이천 LG 챔피언스파크,SK,LG
830,"20230220",D리그 1차,이천 LG 챔피언스파크,현대모비스,상무
831,"20230221",플레이오프,이천 LG 챔피언스파크,LG,KT
832,"20230221",플레이오프,이천 LG 챔피언스파크,상무,한국가스공사
833,"20230223",정규시즌,전주실내체육관,KCC,SK
834,"20230225",정규시즌,원주종합체육관,DB,KCC
835,"20230226",정규시즌,안양실내체육관,KGC,한국가스공사
836,"20230227",챔피언결정전,이천 LG 챔피언스파크,상무,LG
837,"20230101",정규시즌,고양체육관,캐롯,KT
838,"20230101",정규시즌,잠실실내체육관,삼성,SK
839,"20230101",정규시즌,창원체육관,LG,현대모비스
840,"20230102",정규시즌,원주종합체육관,DB,KGC
841,"20230103",D리그 1차,이천 LG 챔피언스파크,현대모비스,LG
842,"20230103",D리그 1차,이천 LG 챔피언스파크,KT,한국가스공사
843,"20230103",정규시즌,군산월명체육관,KCC,캐롯
844,"20230104",정규시즌,잠실학생체육관,SK,DB
845,"20230105",정규시즌,고양체육관,캐롯,현대모비스
846,"20230105",정규시즌,잠실실내체육관,삼성,LG
847,"20230106",정규시즌,군산월명체육관,KCC,SK
848,"20230106",정규시즌,안양실내체육관,KGC,KT
849,"20230107",정규시즌,울산동천체육관,현대모비스,DB
850,"20230107",정규시즌,창원체육관,LG,캐롯
851,"20230107",정규시즌,대구체육관,한국가스공사,삼성
852,"20230108",정규시즌,울산동천체육관,현대모비스,KT
853,"20230108",정규시즌,안양실내체육관,KGC,SK
854,"20230108",정규시즌,잠실실내체육관,삼성,KCC
855,"20230109",정규시즌,고양체육관,캐롯,한국가스공사
856,"20230110",정규시즌,수원 KT 아레나,KT,KCC
857,"20230110",정규시즌,잠실학생체육관,SK,LG
858,"20230111",정규시즌,울산동천체육관,현대모비스,KGC
859,"20230112",D리그 1차,이천 LG 챔피언스파크,LG,한국가스공사
860,"20230112",D리그 1차,이천 LG 챔피언스파크,SK,상무
861,"20230115",올스타게임,수원 KT 아레나,팀 허웅,팀 이대성
862,"20230117",정규시즌,원주종합체육관,DB,LG
863,"20230118",D리그 1차,이천 LG 챔피언스파크,한국가스공사,현대모비스
864,"20230118",D리그 1차,이천 LG 챔피언스파크,SK,KCC
865,"20230119",정규시즌,고양체육관,캐롯,DB
866,"20230119",정규시즌,잠실실내체육관,삼성,KT
867,"20230120",정규시즌,창원체육관,LG,한국가스공사
868,"20230120",정규시즌,울산동천체육관,현대모비스,KCC
869,"20230121",정규시즌,수원 KT 아레나,KT,SK
870,"20230121",정규시즌,고양체육관,캐롯,KGC
871,"20230121",정규시즌,잠실실내체육관,삼성,DB
872,"20230122",정규시즌,대구체육관,한국가스공사,현대모비스
873,"20230122",정규시즌,창원체육관,LG,KCC
874,"20230122",정규시즌,안양실내체육관,KGC,삼성
875,"20230123",정규시즌,원주종합체육관,DB,KT
876,"20230123",정규시즌,잠실학생체육관,SK,캐롯
877,"20230124",정규시즌,울산동천체육관,현대모비스,LG
878,"20230124",정규시즌,전주실내체육관,KCC,한국가스공사
879,"20230125",D리그 1차,이천 LG 챔피언스파크,KCC,상무
880,"20230125",D리그 1차,이천 LG 챔피언스파크,KT,현대모비스
881,"20230126",정규시즌,원주종합체육관,DB,한국가스공사
882,"20230127",정규시즌,잠실실내체육관,삼성,현대모비스
883,"20230127",정규시즌,수원 KT 아레나,KT,캐롯
884,"20230128",정규시즌,잠실학생체육관,SK,한국가스공사
885,"20230128",정규시즌,창원체육관,LG,KGC
886,"20230128",정규시즌,원주종합체육관,DB,KCC
887,"20230129",정규시즌,수원 KT 아레나,KT,LG
888,"20230129",정규시즌,안양실내체육관,KGC,한국가스공사
889,"20230129",정규시즌,울산동천체육관,현대모비스,SK
890,"20230130",정규시즌,고양체육관,캐롯,삼성
891,"20230131",정규시즌,수원 KT 아레나,KT,한국가스공사
892,"20230131",정규시즌,전주실내체육관,KCC,KGC
