MATCH_SEQ_NO,LEA_NM,MATCH_DE,HOME_TEAM_NM,AWAY_TEAM_NM,STDM_NM,SPORTS_VIEWNG_NMPR_CO
1,K리그1,20230408,서울,대구,서울 월드컵,45007.0
2,K리그1,20230505,서울,전북,서울 월드컵,37008.0
3,K리그1,20231125,서울,수원,서울 월드컵,36007.0
4,K리그1,20231008,서울,전북,서울 월드컵,33103.0
5,K리그1,20230819,울산,전북,울산 문수,30756.0
6,K리그1,20230422,서울,수원,서울 월드컵,30186.0
7,K리그1,20231203,울산,전북,울산 문수,28638.0
8,K리그1,20230225,울산,전북,울산 문수,28039.0
9,K리그1,20230603,전북,울산,전주 월드컵,27797.0
10,K리그1,20230827,서울,울산,서울 월드컵,27051.0
11,K리그1,20230514,울산,서울,울산 문수,26004.0
12,K리그1,20231202,수원,강원,수원 월드컵,24932.0
13,K리그1,20230902,수원,서울,수원 월드컵,22882.0
14,K리그1,20230701,서울,대전,서울 월드컵,22637.0
15,K리그1,20230225,서울,인천,서울 월드컵,22204.0
16,K리그1,20230708,전북,서울,전주 월드컵,21139.0
17,K리그1,20230712,대전,전북,대전 월드컵,20592.0
18,K리그1,20230312,서울,울산,서울 월드컵,20549.0
19,K리그1,20230520,서울,제주,서울 월드컵,20338.0
20,K리그1,20230610,울산,제주,울산 문수,20190.0
21,K리그1,20230917,서울,광주,서울 월드컵,20165.0
22,K리그1,20230624,울산,대구,울산 문수,20070.0
23,K리그1,20230305,전북,수원,전주 월드컵,19660.0
24,K리그1,20230624,수원,서울,수원 월드컵,19513.0
25,K리그1,20231029,울산,대구,울산 문수,18933.0
26,K리그1,20230226,대전,강원,대전 월드컵,18590.0
27,K리그1,20230903,울산,광주,울산 문수,18358.0
28,K리그1,20230722,서울,인천,서울 월드컵,18150.0
29,K리그1,20230611,서울,포항,서울 월드컵,18108.0
30,K리그1,20230819,서울,대구,서울 월드컵,17800.0
31,K리그1,20231008,울산,인천,울산 문수,17584.0
32,K리그1,20230805,수원,수원FC,수원 월드컵,17481.0
33,K리그1,20230528,울산,대전,울산 문수,17251.0
34,K리그1,20230916,울산,대전,울산 문수,17237.0
35,K리그1,20231112,울산,포항,울산 문수,16946.0
36,K리그1,20230422,울산,포항,울산 문수,16761.0
37,K리그1,20230416,대전,울산,대전 월드컵,16359.0
38,K리그1,20231008,대전,제주,대전 월드컵,15818.0
39,K리그1,20230401,대전,서울,대전 월드컵,15793.0
40,K리그1,20230514,인천,전북,인천 전용,15738.0
41,K리그1,20230319,울산,수원FC,울산 문수,15230.0
42,K리그1,20230408,울산,수원,울산 문수,15181.0
43,K리그1,20230930,인천,수원,인천 전용,15040.0
44,K리그1,20230804,서울,포항,서울 월드컵,15016.0
45,K리그1,20230930,전북,대구,전주 월드컵,14963.0
46,K리그1,20230923,대전,수원,대전 월드컵,14810.0
47,K리그1,20230930,포항,울산,포항 스틸야드,14640.0
48,K리그1,20230708,포항,울산,포항 스틸야드,14486.0
49,K리그1,20230528,서울,강원,서울 월드컵,14419.0
50,K리그1,20230529,포항,전북,포항 스틸야드,14377.0
51,K리그1,20230520,대전,대구,대전 월드컵,14275.0
52,K리그1,20230812,전북,수원,전주 월드컵,14216.0
53,K리그1,20230226,포항,대구,포항 스틸야드,14089.0
54,K리그1,20230604,대전,인천,대전 월드컵,13779.0
55,K리그1,20230430,대전,제주,대전 월드컵,13777.0
56,K리그1,20230709,대전,수원,대전 월드컵,13685.0
57,K리그1,20230521,전북,수원FC,전주 월드컵,13634.0
58,K리그2,20231029,부산,부천,부산 아시아드,13340.0
59,K리그1,20230813,대전,서울,대전 월드컵,13290.0
60,K리그1,20230603,수원,수원FC,수원 월드컵,13104.0
61,K리그1,20230721,울산,제주,울산 문수,13073.0
62,K리그1,20230401,전북,포항,전주 월드컵,12767.0
63,K리그1,20230521,수원,울산,수원 월드컵,12639.0
64,K리그1,20231203,대구,인천,대구iM뱅크PARK,12334.0
65,K리그1,20231028,전북,포항,전주 월드컵,12266.0
66,K리그1,20230319,대구,전북,대구iM뱅크PARK,12253.0
67,K리그1,20231111,대구,광주,대구iM뱅크PARK,12222.0
68,K리그1,20231021,대구,전북,대구iM뱅크PARK,12211.0
69,K리그1,20230701,전북,제주,전주 월드컵,12175.0
70,K리그1,20230701,대구,수원,대구iM뱅크PARK,12175.0
71,K리그1,20230826,대구,제주,대구iM뱅크PARK,12136.0
72,K리그1,20230902,인천,포항,인천 전용,12134.0
73,K리그1,20230430,울산,광주,울산 문수,12068.0
74,K리그1,20230604,대구,서울,대구iM뱅크PARK,12056.0
75,K리그1,20230505,대구,울산,대구iM뱅크PARK,11929.0
76,K리그1,20230805,대구,울산,대구iM뱅크PARK,11928.0
77,K리그1,20231112,인천,전북,인천 전용,11912.0
78,K리그1,20230924,대구,포항,대구iM뱅크PARK,11858.0
79,K리그1,20231008,수원,포항,수원 월드컵,11772.0
80,K리그1,20230527,대구,인천,대구iM뱅크PARK,11706.0
81,K리그1,20231029,수원,대전,수원 월드컵,11658.0
82,K리그1,20231022,서울,강원,서울 월드컵,11638.0
83,K리그1,20230610,대구,수원FC,대구iM뱅크PARK,11457.0
84,K리그1,20231125,전북,광주,전주 월드컵,11369.0
85,K리그1,20230825,전북,대전,전주 월드컵,11224.0
86,K리그1,20230722,강원,수원,강릉하이원아레나,11084.0
87,K리그1,20230917,수원,대구,수원 월드컵,11048.0
88,K리그1,20230716,전북,수원FC,전주 월드컵,10905.0
89,K리그1,20230304,대구,제주,대구iM뱅크PARK,10851.0
90,K리그1,20231008,대구,수원FC,대구iM뱅크PARK,10776.0
91,K리그1,20230916,전북,강원,전주 월드컵,10620.0
92,K리그1,20230819,강원,수원FC,강릉하이원아레나,10503.0
93,K리그1,20230722,대전,대구,대전 월드컵,10473.0
94,K리그1,20230319,수원,대전,수원 월드컵,10442.0
95,K리그1,20230712,서울,수원FC,서울 월드컵,10407.0
96,K리그1,20230225,수원,광주,수원 월드컵,10348.0
97,K리그1,20230806,전북,인천,전주 월드컵,10327.0
98,K리그1,20230422,대구,대전,대구iM뱅크PARK,10236.0
99,K리그1,20230509,서울,광주,서울 월드컵,10236.0
100,K리그1,20231202,대전,서울,대전 월드컵,10176.0
101,플레이오프,20231209,강원,김포,강릉하이원아레나,10130.0
102,K리그1,20230924,강원,인천,강릉하이원아레나,10047.0
103,K리그1,20230423,제주,전북,제주 월드컵,10041.0
104,K리그1,20230304,인천,대전,인천 전용,10011.0
105,K리그1,20230901,대전,수원FC,대전 월드컵,9955.0
106,K리그1,20230715,수원,울산,수원 월드컵,9946.0
107,K리그1,20230901,대구,강원,대구iM뱅크PARK,9806.0
108,K리그1,20231125,포항,대구,포항 스틸야드,9541.0
109,K리그1,20231022,대전,수원FC,대전 월드컵,9474.0
110,K리그1,20230625,인천,포항,인천 전용,9367.0
111,K리그1,20230813,인천,대구,인천 전용,9349.0
112,K리그1,20231001,강원,대전,강릉하이원아레나,9326.0
113,K리그1,20230415,수원FC,전북,수원 종합,9221.0
114,K리그1,20230430,포항,인천,포항 스틸야드,9173.0
115,K리그1,20230415,포항,서울,포항 스틸야드,9131.0
116,K리그1,20230826,강원,포항,강릉하이원아레나,9063.0
117,K리그1,20230721,포항,전북,포항 스틸야드,9055.0
118,K리그1,20230716,인천,대전,인천 전용,8925.0
119,K리그1,20231112,수원FC,수원,수원 종합,8886.0
120,K리그1,20230430,수원,대구,수원 월드컵,8883.0
121,K리그1,20230606,수원FC,울산,수원 종합,8733.0
122,K리그1,20230409,전북,인천,전주 월드컵,8697.0
123,K리그1,20230311,수원FC,수원,수원 종합,8670.0
124,K리그1,20230311,대전,포항,대전 월드컵,8661.0
125,K리그1,20230505,인천,수원,인천 전용,8637.0
126,K리그1,20230916,인천,제주,인천 전용,8433.0
127,K리그1,20230610,대전,광주,대전 월드컵,8390.0
128,K리그1,20230510,대전,수원FC,대전 월드컵,8377.0
129,K리그1,20230606,포항,제주,포항 스틸야드,8376.0
130,K리그1,20230812,강원,울산,강릉하이원아레나,8369.0
131,K리그1,20230226,제주,수원FC,제주 월드컵,8362.0
132,K리그1,20230712,울산,인천,울산 문수,8353.0
133,K리그1,20230401,인천,대구,인천 전용,8250.0
134,K리그1,20230422,인천,수원FC,인천 전용,8215.0
135,K리그1,20230607,전북,대구,전주 월드컵,8197.0
136,K리그1,20230903,제주,전북,제주 월드컵,8104.0
137,K리그1,20230312,전북,광주,전주 월드컵,8051.0
138,K리그1,20231111,대전,강원,대전 월드컵,8000.0
139,K리그1,20230711,대구,강원,대구iM뱅크PARK,7929.0
140,K리그1,20230510,수원,전북,수원 월드컵,7860.0
141,K리그1,20230924,수원FC,울산,수원 종합,7809.0
142,K리그2,20230923,성남,충북청주,탄천 종합,7789.0
143,K리그1,20231124,인천,울산,인천 전용,7601.0
144,K리그2,20231111,경남,김천,창원 축구센터,7547.0
145,K리그1,20230416,대구,광주,대구iM뱅크PARK,7534.0
146,K리그1,20230318,포항,강원,포항 스틸야드,7514.0
147,K리그1,20230916,포항,수원FC,포항 스틸야드,7469.0
148,K리그1,20230402,수원,강원,수원 월드컵,7428.0
149,K리그1,20230305,광주,서울,광주 전용,7357.0
150,K리그1,20231125,강원,수원FC,강릉하이원아레나,7307.0
151,K리그1,20230924,광주,전북,광주 전용,7303.0
152,K리그1,20230820,포항,대전,포항 스틸야드,7287.0
153,K리그1,20230607,인천,서울,인천 전용,7272.0
154,K리그2,20230924,서울E,안산,목동 종합,7266.0
155,K리그1,20230818,수원,제주,수원 월드컵,7258.0
156,K리그1,20230813,포항,광주,포항 스틸야드,7206.0
157,K리그1,20230923,제주,서울,제주 월드컵,7205.0
158,K리그1,20230715,강원,서울,강릉하이원아레나,7203.0
159,K리그1,20230930,수원FC,서울,수원 종합,7194.0
160,K리그1,20230304,수원FC,포항,수원 종합,7155.0
161,K리그1,20230402,제주,울산,제주 월드컵,7140.0
162,K리그1,20230318,제주,서울,제주 월드컵,7078.0
163,K리그1,20230611,수원,인천,수원 월드컵,7066.0
164,K리그1,20230408,포항,광주,포항 스틸야드,7062.0
165,K리그2,20230304,충북청주,김천,청주 종합,7035.0
166,K리그1,20230707,강원,광주,강릉하이원아레나,7006.0
167,K리그1,20230513,포항,대전,포항 스틸야드,7002.0
168,플레이오프,20231209,수원FC,부산,수원 종합,6987.0
169,K리그1,20230509,대구,포항,대구iM뱅크PARK,6943.0
170,K리그1,20230520,인천,광주,인천 전용,6663.0
171,K리그2,20230806,서울E,경남,목동 종합,6471.0
172,K리그2,20230319,부산,김천,부산 아시아드,6359.0
173,K리그1,20230527,제주,수원,제주 월드컵,6308.0
174,K리그1,20230305,강원,울산,춘천 송암,6199.0
175,K리그1,20231001,제주,광주,제주 월드컵,6130.0
176,K리그1,20230611,강원,전북,춘천 송암,6114.0
177,K리그2,20230701,부천,김천,부천 종합,6103.0
178,K리그1,20231111,제주,서울,제주 월드컵,6039.0
179,K리그1,20230312,인천,제주,인천 전용,6007.0
180,K리그1,20231008,광주,강원,광주 전용,6004.0
181,K리그2,20230305,안양,서울E,안양 종합,6003.0
182,K리그1,20230624,광주,전북,광주 전용,5990.0
183,K리그1,20230702,광주,울산,광주 전용,5982.0
184,K리그1,20230818,인천,광주,인천 전용,5870.0
185,K리그1,20231203,광주,포항,광주 전용,5817.0
186,K리그1,20230429,수원FC,서울,수원 종합,5806.0
187,K리그2,20231126,부산,충북청주,부산 아시아드,5764.0
188,K리그1,20230624,제주,대전,제주 월드컵,5755.0
189,K리그2,20231111,서울E,성남,목동 종합,5689.0
190,K리그1,20230429,전북,강원,전주 월드컵,5685.0
191,K리그2,20230916,서울E,천안,목동 종합,5647.0
192,K리그1,20230603,제주,강원,제주 월드컵,5616.0
193,K리그1,20231021,광주,울산,광주 전용,5553.0
194,K리그1,20230513,강원,수원,춘천 송암,5519.0
195,K리그1,20230812,제주,수원FC,제주 월드컵,5443.0
196,K리그1,20230702,포항,수원FC,포항 스틸야드,5441.0
197,K리그2,20231001,경남,부산,창원 축구센터,5437.0
198,K리그1,20231029,수원FC,서울,수원 종합,5372.0
199,K리그1,20230425,인천,울산,인천 전용,5326.0
200,K리그1,20230509,울산,강원,울산 문수,5318.0
201,K리그1,20230506,제주,포항,제주 월드컵,5261.0
202,K리그1,20231028,강원,제주,강릉하이원아레나,5256.0
203,K리그1,20230415,수원,제주,수원 월드컵,5190.0
204,K리그1,20230702,인천,강원,인천 전용,5076.0
205,K리그1,20230426,전북,대전,전주 월드컵,5067.0
206,K리그1,20230827,광주,수원,광주 전용,5014.0
207,K리그1,20231020,포항,인천,포항 스틸야드,4944.0
208,K리그2,20231001,충북청주,부천,청주 종합,4930.0
209,K리그2,20230301,전남,안양,광양 전용,4890.0
210,K리그1,20231022,제주,수원,제주 월드컵,4875.0
211,K리그2,20230917,경남,전남,창원 축구센터,4808.0
212,K리그1,20230708,수원FC,인천,수원 종합,4782.0
213,K리그1,20230712,수원,포항,수원 월드컵,4727.0
214,K리그1,20231028,광주,인천,광주 전용,4723.0
215,K리그1,20231125,제주,대전,제주 월드컵,4713.0
216,K리그1,20230401,광주,수원FC,광주 전용,4535.0
217,K리그2,20230301,충남아산,김천,아산 이순신,4422.0
218,K리그1,20230716,포항,제주,포항 스틸야드,4422.0
219,K리그1,20230409,수원FC,대전,수원 종합,4421.0
220,K리그2,20231028,충남아산,천안,아산 이순신,4354.0
221,K리그1,20230806,제주,강원,제주 월드컵,4331.0
222,K리그2,20230415,충남아산,서울E,아산 이순신,4293.0
223,K리그2,20230301,서울E,충북청주,목동 종합,4247.0
224,K리그2,20231007,서울E,경남,목동 종합,4222.0
225,K리그1,20230707,제주,대구,제주 월드컵,4210.0
226,K리그2,20230304,안산,충남아산,안산 와스타디움,4173.0
227,K리그2,20230610,경남,충남아산,창원 축구센터,4159.0
228,K리그1,20230510,제주,인천,제주 월드컵,4124.0
229,K리그2,20231126,부천,전남,부천 종합,4059.0
230,K리그1,20230311,강원,대구,춘천 송암,4058.0
231,K리그2,20230401,성남,충북청주,탄천 종합,4052.0
232,플레이오프,20231206,부산,수원FC,부산 아시아드,4047.0
233,K리그2,20230408,부천,안양,부천 종합,4031.0
234,K리그2,20230430,서울E,성남,목동 종합,3917.0
235,K리그2,20231028,경남,안산,창원 축구센터,3914.0
236,K리그2,20231111,충북청주,충남아산,청주 종합,3896.0
237,K리그2,20231021,부천,안양,부천 종합,3804.0
238,K리그2,20231126,안양,천안,안양 종합,3792.0
239,K리그2,20230624,부산,충북청주,부산 아시아드,3790.0
240,K리그2,20230415,부산,경남,부산 아시아드,3787.0
241,K리그2,20230318,충남아산,천안,아산 이순신,3762.0
242,K리그1,20230804,광주,대전,광주 전용,3752.0
243,플레이오프,20231206,김포,강원,김포솔터축구장,3736.0
244,K리그2,20231007,부산,천안,부산 아시아드,3696.0
245,K리그2,20230603,안양,부천,안양 종합,3691.0
246,K리그2,20230521,경남,부산,양산 종합,3690.0
247,K리그1,20230506,광주,대전,광주 전용,3687.0
248,K리그2,20230702,안양,경남,안양 종합,3685.0
249,K리그2,20230610,부산,김포,부산 구덕,3674.0
250,K리그2,20230820,서울E,부산,목동 종합,3657.0
251,K리그1,20230426,강원,서울,춘천 송암,3640.0
252,K리그2,20230422,서울E,김천,목동 종합,3638.0
253,K리그2,20230729,경남,김포,창원 축구센터,3624.0
254,K리그1,20230513,광주,대구,광주 전용,3622.0
255,K리그2,20231022,충북청주,경남,청주 종합,3616.0
256,K리그1,20230423,광주,강원,광주 전용,3562.0
257,K리그2,20230625,서울E,안양,목동 종합,3558.0
258,K리그2,20230923,전남,천안,광양 전용,3526.0
259,K리그1,20230603,광주,포항,광주 전용,3512.0
260,K리그1,20230521,강원,포항,춘천 송암,3495.0
261,K리그2,20230520,안양,전남,안양 종합,3465.0
262,K리그2,20230529,부천,김포,부천 종합,3423.0
263,K리그2,20230827,안양,전남,안양 종합,3301.0
264,K리그2,20230301,천안,부산,천안 종합,3299.0
265,K리그2,20230917,부천,김포,부천 종합,3299.0
266,K리그2,20230709,경남,안산,창원 축구센터,3291.0
267,K리그1,20230711,제주,광주,제주 월드컵,3280.0
268,K리그1,20230825,수원FC,인천,수원 종합,3236.0
269,K리그1,20230514,수원FC,제주,수원 종합,3213.0
270,K리그2,20230731,안양,김천,안양 종합,3202.0
271,K리그2,20231028,안양,서울E,안양 종합,3182.0
272,K리그1,20230625,수원FC,강원,수원 종합,3173.0
273,K리그1,20230416,강원,인천,춘천 송암,3162.0
274,K리그2,20230301,경남,부천,창원 축구센터,3134.0
275,K리그2,20230514,경남,성남,양산 종합,3127.0
276,K리그2,20230604,김포,충북청주,김포솔터축구장,3121.0
277,K리그2,20231112,전남,부산,광양 전용,3120.0
278,K리그2,20230402,부산,서울E,부산 아시아드,3116.0
279,K리그2,20230625,김포,전남,김포솔터축구장,3105.0
280,K리그2,20230812,안양,안산,안양 종합,3088.0
281,K리그1,20230425,포항,수원,포항 스틸야드,3080.0
282,K리그2,20230826,경남,성남,창원 축구센터,3071.0
283,K리그2,20230520,서울E,부천,목동 종합,3067.0
284,K리그2,20230311,충북청주,부산,청주 종합,3043.0
285,K리그2,20230924,부천,경남,부천 종합,3039.0
286,K리그2,20230304,부천,성남,부천 종합,3034.0
287,K리그2,20230916,부산,성남,부산 아시아드,3018.0
288,K리그2,20230624,성남,부천,탄천 종합,2985.0
289,K리그2,20230401,김포,부천,김포솔터축구장,2945.0
290,K리그2,20230903,안양,부산,안양 종합,2927.0
291,K리그2,20230902,부천,충남아산,부천 종합,2921.0
292,K리그2,20230826,부천,서울E,부천 종합,2913.0
293,K리그2,20231022,김포,전남,김포솔터축구장,2884.0
294,K리그2,20230318,부천,안산,부천 종합,2854.0
295,K리그1,20230715,광주,대구,광주 전용,2851.0
296,K리그1,20230607,강원,대전,춘천 송암,2840.0
297,K리그2,20230402,김천,경남,김천 종합,2825.0
298,K리그2,20230513,서울E,천안,목동 종합,2825.0
299,K리그1,20230318,광주,인천,광주 전용,2812.0
300,K리그2,20230723,경남,김천,창원 축구센터,2797.0
301,K리그2,20230611,부천,천안,부천 종합,2769.0
302,K리그1,20230506,수원FC,강원,수원 종합,2749.0
303,K리그2,20230506,김포,서울E,김포솔터축구장,2736.0
304,K리그2,20230604,서울E,부산,목동 종합,2723.0
305,K리그2,20230319,안양,성남,안양 종합,2722.0
306,K리그2,20230409,충북청주,김포,청주 종합,2648.0
307,K리그2,20230507,부천,전남,부천 종합,2610.0
308,K리그1,20231202,수원FC,제주,수원 종합,2602.0
309,K리그1,20230409,강원,제주,춘천 송암,2581.0
310,K리그2,20230429,부산,안산,부산 아시아드,2564.0
311,K리그2,20230903,전남,성남,광양 전용,2552.0
312,K리그2,20230527,충북청주,경남,청주 종합,2548.0
313,K리그2,20230829,부산,김천,부산 구덕,2532.0
314,K리그2,20230423,충남아산,경남,아산 이순신,2530.0
315,K리그2,20231007,전남,안산,광양 전용,2523.0
316,K리그2,20230507,안양,부산,안양 종합,2511.0
317,K리그2,20230422,안양,김포,안양 종합,2487.0
318,K리그2,20231126,김천,서울E,김천 종합,2482.0
319,K리그2,20230924,김포,충남아산,김포솔터축구장,2461.0
320,K리그2,20230821,경남,천안,창원 축구센터,2445.0
321,플레이오프,20231202,김포,경남,김포솔터축구장,2442.0
322,K리그2,20230311,김포,경남,김포솔터축구장,2435.0
323,K리그2,20230826,김포,부산,김포솔터축구장,2418.0
324,K리그2,20230301,성남,안산,탄천 종합,2411.0
325,K리그2,20230815,부산,전남,부산 구덕,2395.0
326,K리그2,20230527,성남,안양,탄천 종합,2351.0
327,K리그2,20230611,충북청주,전남,청주 종합,2293.0
328,K리그2,20230429,안양,충북청주,안양 종합,2284.0
329,K리그2,20230805,부산,천안,부산 구덕,2279.0
330,K리그2,20230718,안양,천안,안양 종합,2275.0
331,K리그2,20230520,천안,충남아산,천안 종합,2238.0
332,K리그2,20230819,충북청주,김포,청주 종합,2219.0
333,K리그2,20230730,부천,부산,부천 종합,2189.0
334,K리그2,20231029,전남,충북청주,광양 전용,2180.0
335,K리그2,20230930,안양,성남,안양 종합,2174.0
336,K리그2,20230729,성남,전남,탄천 종합,2169.0
337,K리그2,20230401,안양,충남아산,안양 종합,2156.0
338,K리그2,20230513,부산,부천,부산 아시아드,2150.0
339,K리그1,20230426,광주,제주,광주 전용,2143.0
340,K리그2,20230716,경남,전남,창원 축구센터,2137.0
341,K리그2,20230507,성남,김천,탄천 종합,2123.0
342,플레이오프,20231129,경남,부천,창원 축구센터,2099.0
343,K리그2,20230805,김포,안양,김포솔터축구장,2092.0
344,K리그1,20230722,수원FC,광주,수원 종합,2083.0
345,K리그2,20231126,김포,경남,김포솔터축구장,2060.0
346,K리그2,20230820,전남,김천,광양 전용,2058.0
347,K리그2,20230919,충북청주,서울E,청주 종합,2057.0
348,K리그2,20230814,부천,경남,부천 종합,2053.0
349,K리그2,20230429,경남,천안,창원 축구센터,2024.0
350,K리그2,20230318,경남,충북청주,창원 축구센터,2011.0
351,K리그2,20230903,김포,서울E,김포솔터축구장,1998.0
352,K리그2,20230305,전남,경남,광양 전용,1975.0
353,K리그2,20230708,충북청주,안양,청주 종합,1949.0
354,K리그2,20230503,김포,성남,김포솔터축구장,1915.0
355,K리그2,20230805,전남,부천,광양 전용,1894.0
356,K리그2,20231007,김포,안양,김포솔터축구장,1890.0
357,K리그2,20230716,부산,성남,부산 아시아드,1872.0
358,K리그1,20230607,광주,수원,광주 전용,1871.0
359,K리그1,20230426,수원FC,대구,수원 종합,1870.0
360,K리그2,20230731,서울E,충남아산,목동 종합,1870.0
361,K리그2,20230830,서울E,전남,목동 종합,1859.0
362,K리그2,20230917,충남아산,안양,아산 이순신,1858.0
363,K리그2,20230723,충북청주,서울E,청주 종합,1857.0
364,K리그2,20231007,성남,충남아산,탄천 종합,1780.0
365,K리그2,20230527,전남,천안,광양 전용,1741.0
366,K리그2,20230514,충북청주,안산,청주 종합,1728.0
367,K리그2,20231112,안산,안양,안산 와스타디움,1715.0
368,K리그2,20230319,전남,김포,광양 전용,1712.0
369,K리그2,20230418,부천,서울E,부천 종합,1704.0
370,K리그2,20230423,충북청주,부천,청주 종합,1683.0
371,K리그2,20230422,성남,부산,탄천 종합,1671.0
372,K리그2,20231126,성남,안산,탄천 종합,1629.0
373,K리그2,20230604,전남,김천,광양 전용,1625.0
374,K리그2,20230702,김포,충남아산,김포솔터축구장,1618.0
375,K리그2,20231014,충남아산,충북청주,아산 이순신,1616.0
376,K리그2,20230409,서울E,안산,목동 종합,1614.0
377,K리그1,20230528,수원FC,광주,수원 종합,1605.0
378,K리그2,20230709,성남,김포,탄천 종합,1596.0
379,K리그2,20230724,부산,안양,부산 아시아드,1579.0
380,K리그2,20230503,경남,서울E,창원 축구센터,1576.0
381,K리그2,20230718,부천,충북청주,부천 종합,1552.0
382,K리그2,20230920,안양,경남,안양 종합,1539.0
383,K리그2,20230514,충남아산,김포,아산 이순신,1513.0
384,K리그2,20230718,서울E,김포,목동 종합,1489.0
385,K리그2,20230416,안산,김포,안산 와스타디움,1479.0
386,K리그2,20230408,전남,성남,광양 전용,1474.0
387,K리그2,20230416,성남,천안,탄천 종합,1468.0
388,K리그2,20231001,천안,김천,천안 종합,1466.0
389,K리그2,20230703,전남,서울E,광양 전용,1436.0
390,K리그2,20230419,김포,부산,김포솔터축구장,1429.0
391,K리그2,20230520,안산,성남,안산 와스타디움,1394.0
392,K리그2,20230814,천안,김포,천안 종합,1394.0
393,K리그2,20230701,안산,부산,안산 와스타디움,1388.0
394,K리그2,20230502,부천,충남아산,부천 종합,1380.0
395,K리그2,20230528,부산,충남아산,부산 구덕,1366.0
396,K리그2,20230715,김포,김천,김포솔터축구장,1363.0
397,K리그2,20230826,김천,충남아산,김천 종합,1351.0
398,K리그2,20230311,서울E,전남,목동 종합,1350.0
399,K리그2,20231029,김천,김포,김천 종합,1319.0
400,K리그2,20230919,부산,안산,부산 아시아드,1306.0
401,K리그2,20230719,전남,안산,광양 전용,1292.0
402,K리그2,20230724,김포,안산,김포솔터축구장,1277.0
403,K리그2,20230611,성남,서울E,탄천 종합,1273.0
404,K리그2,20230506,안산,경남,안산 와스타디움,1258.0
405,K리그2,20231021,충남아산,부산,아산 이순신,1255.0
406,K리그2,20231021,천안,성남,천안 종합,1251.0
407,K리그2,20230815,김천,서울E,김천 종합,1241.0
408,K리그2,20230502,전남,부산,광양 전용,1214.0
409,K리그2,20230513,김천,안양,김천 종합,1203.0
410,K리그2,20230902,천안,안산,천안 종합,1197.0
411,K리그2,20231112,천안,김포,천안 종합,1196.0
412,K리그2,20230923,김천,안양,김천 종합,1187.0
413,K리그2,20230423,안산,전남,안산 와스타디움,1170.0
414,K리그2,20231022,안산,김천,안산 와스타디움,1165.0
415,K리그2,20230305,김포,천안,김포솔터축구장,1164.0
416,K리그2,20230312,안산,안양,안산 와스타디움,1124.0
417,K리그2,20230625,충남아산,안산,아산 이순신,1110.0
418,K리그2,20230708,천안,서울E,천안 종합,1109.0
419,K리그2,20230902,김천,충북청주,김천 종합,1100.0
420,K리그2,20231007,김천,부천,김천 종합,1094.0
421,K리그2,20230429,전남,충남아산,광양 전용,1077.0
422,K리그2,20230603,충남아산,성남,아산 이순신,1072.0
423,K리그2,20230430,김천,김포,김천 종합,1070.0
424,K리그2,20230830,충북청주,안양,청주 종합,1062.0
425,K리그2,20230624,김천,천안,김천 종합,1060.0
426,K리그2,20230821,성남,부천,탄천 종합,1056.0
427,K리그2,20230415,전남,충북청주,광양 전용,1032.0
428,K리그2,20230715,충남아산,안양,아산 이순신,1032.0
429,K리그2,20230930,충남아산,서울E,아산 이순신,1019.0
430,K리그2,20230703,충북청주,성남,청주 종합,1014.0
431,K리그2,20230719,성남,경남,탄천 종합,992.0
432,K리그2,20230827,천안,충북청주,천안 종합,990.0
433,K리그2,20230710,충남아산,전남,아산 이순신,956.0
434,K리그2,20230603,천안,경남,천안 종합,952.0
435,K리그2,20230312,성남,충남아산,탄천 종합,949.0
436,K리그2,20230723,충남아산,부천,아산 이순신,930.0
437,K리그2,20230819,안산,충남아산,안산 와스타디움,927.0
438,K리그2,20230829,충남아산,경남,아산 이순신,927.0
439,K리그2,20230502,천안,안양,천안 종합,920.0
440,K리그2,20230806,김천,성남,김천 종합,906.0
441,K리그2,20230408,천안,김천,천안 종합,905.0
442,K리그2,20230521,김천,충북청주,김천 종합,893.0
443,K리그2,20230715,안산,부천,안산 와스타디움,887.0
444,K리그2,20230715,천안,충북청주,천안 종합,885.0
445,K리그2,20230719,김천,충남아산,김천 종합,885.0
446,K리그2,20230930,안산,김포,안산 와스타디움,873.0
447,K리그2,20230710,김천,부산,김천 종합,866.0
448,K리그2,20230506,충북청주,천안,청주 종합,837.0
449,K리그2,20230610,김천,안산,김천 종합,837.0
450,K리그2,20230418,경남,안양,창원 축구센터,820.0
451,K리그2,20230830,성남,김포,탄천 종합,803.0
452,K리그2,20230402,천안,전남,천안 종합,762.0
453,K리그2,20230418,충북청주,충남아산,청주 종합,762.0
454,K리그2,20230409,충남아산,부산,아산 이순신,758.0
455,K리그2,20230528,안산,서울E,안산 와스타디움,709.0
456,K리그2,20230503,안산,김천,안산 와스타디움,702.0
457,K리그2,20230730,안산,천안,안산 와스타디움,699.0
458,K리그2,20230916,안산,충북청주,안산 와스타디움,694.0
459,K리그2,20230312,천안,부천,천안 종합,675.0
460,K리그2,20230919,성남,김천,탄천 종합,647.0
461,K리그2,20230415,김천,부천,김천 종합,627.0
462,K리그2,20230723,천안,성남,천안 종합,580.0
463,K리그2,20230419,천안,안산,천안 종합,566.0
464,K리그2,20230920,충남아산,전남,아산 이순신,515.0
465,K리그2,20230920,천안,부천,천안 종합,433.0
466,K리그2,20230829,안산,부천,안산 와스타디움,422.0
467,K리그2,20230808,안산,충북청주,안산 와스타디움,385.0
468,K리그2,20230419,김천,전남,김천 종합,359.0
469,K리그1,20240504,서울,울산,서울 월드컵,52600.0
470,K리그1,20240310,서울,인천,서울 월드컵,51670.0
471,K리그1,20241110,서울,울산,서울 월드컵,37288.0
472,K리그1,20240824,서울,강원,서울 월드컵,34086.0
473,K리그1,20240929,서울,수원FC,서울 월드컵,31037.0
474,K리그1,20240316,서울,제주,서울 월드컵,29536.0
475,K리그1,20241102,서울,포항,서울 월드컵,29377.0
476,K리그1,20240413,서울,포항,서울 월드컵,29051.0
477,K리그1,20240601,울산,전북,울산 문수,29007.0
478,K리그1,20240301,울산,포항,울산 문수,28683.0
479,K리그1,20240420,서울,전북,서울 월드컵,28048.0
480,K리그1,20240519,서울,대구,서울 월드컵,27365.0
481,K리그1,20240914,서울,대전,서울 월드컵,26790.0
482,K리그1,20240330,전북,울산,전주 월드컵,25782.0
483,K리그1,20240622,서울,수원FC,서울 월드컵,25157.0
484,K리그1,20240301,전북,대전,전주 월드컵,24758.0
485,K리그1,20241006,울산,김천,울산 문수,24417.0
486,K리그1,20241123,울산,수원FC,울산 문수,24096.0
487,K리그1,20240616,울산,서울,울산 문수,23856.0
488,플레이오프,20241208,전북,서울E,전주 월드컵,23722.0
489,K리그1,20240901,전북,서울,전주 월드컵,22749.0
490,K리그1,20240831,울산,포항,울산 문수,22106.0
491,K리그1,20240913,울산,강원,울산 문수,22010.0
492,K리그1,20240928,전북,제주,전주 월드컵,21386.0
493,K리그1,20240602,서울,광주,서울 월드컵,21100.0
494,K리그1,20240713,울산,서울,울산 문수,21064.0
495,K리그1,20240428,울산,제주,울산 문수,20253.0
496,K리그1,20241110,전북,대구,전주 월드컵,18985.0
497,K리그1,20240721,서울,김천,서울 월드컵,18577.0
498,K리그1,20240720,전북,울산,전주 월드컵,18573.0
499,K리그1,20240922,대전,전북,대전 월드컵,18473.0
500,K리그1,20241019,전북,대전,전주 월드컵,18261.0
501,K리그1,20241102,전북,인천,전주 월드컵,18244.0
502,K리그1,20240816,서울,제주,서울 월드컵,18029.0
503,K리그1,20240810,울산,대구,울산 문수,17372.0
504,K리그1,20240316,대전,강원,대전 월드컵,17191.0
505,K리그1,20240512,울산,김천,울산 문수,16394.0
506,K리그1,20240824,인천,전북,인천 전용,15422.0
507,K리그2,20241103,수원,안산,용인 미르,15308.0
508,K리그1,20240317,울산,인천,울산 문수,15233.0
509,K리그1,20240727,인천,서울,인천 전용,15213.0
510,K리그1,20240809,전북,광주,전주 월드컵,15178.0
511,K리그1,20240302,인천,수원FC,인천 전용,15060.0
512,K리그1,20240710,서울,대전,서울 월드컵,15037.0
513,K리그2,20240720,수원,충북청주,수원 월드컵,14866.0
514,K리그1,20240817,전북,포항,전주 월드컵,14814.0
515,K리그1,20240525,울산,대전,울산 문수,14676.0
516,K리그1,20241110,인천,대전,인천 전용,14633.0
517,K리그1,20240511,인천,서울,인천 전용,14435.0
518,K리그1,20241006,인천,강원,인천 전용,14434.0
519,K리그1,20240406,울산,수원FC,울산 문수,14215.0
520,K리그2,20240303,수원,충남아산,수원 월드컵,14196.0
521,K리그1,20240922,인천,울산,인천 전용,13888.0
522,K리그1,20240413,울산,강원,울산 문수,13874.0
523,K리그1,20240428,전북,대구,전주 월드컵,13642.0
524,K리그1,20240525,포항,서울,포항 스틸야드,13467.0
525,K리그2,20241109,안양,경남,안양 종합,13451.0
526,K리그1,20241101,울산,강원,울산 종합,13438.0
527,K리그1,20241027,대전,대구,대전 월드컵,13405.0
528,K리그1,20240626,서울,강원,서울 월드컵,13303.0
529,K리그1,20240728,포항,김천,포항 스틸야드,13234.0
530,K리그1,20241027,포항,울산,포항 스틸야드,13212.0
531,플레이오프,20241201,서울E,전북,목동 종합,13205.0
532,K리그1,20240818,울산,수원FC,울산 문수,13204.0
533,K리그1,20240818,강원,광주,강릉하이원아레나,13170.0
534,K리그1,20240630,포항,울산,포항 스틸야드,13079.0
535,K리그1,20240403,서울,김천,서울 월드컵,13040.0
536,K리그1,20240512,전북,수원FC,전주 월드컵,13009.0
537,K리그1,20240504,포항,전북,포항 스틸야드,13002.0
538,K리그1,20241124,대전,제주,대전 월드컵,12743.0
539,K리그1,20241020,강원,서울,강릉하이원아레나,12742.0
540,K리그1,20240427,대전,서울,대전 월드컵,12700.0
541,K리그1,20240928,강원,대구,강릉하이원아레나,12677.0
542,K리그1,20240629,전북,서울,전주 월드컵,12508.0
543,K리그1,20240706,제주,서울,제주 월드컵,12409.0
544,K리그2,20240421,안양,수원,안양 종합,12323.0
545,K리그1,20240901,강원,수원FC,강릉하이원아레나,12292.0
546,K리그1,20240726,강원,전북,강릉하이원아레나,12272.0
547,K리그1,20240303,대구,김천,대구iM뱅크PARK,12133.0
548,K리그1,20240407,대구,서울,대구iM뱅크PARK,12088.0
549,K리그1,20241006,대구,전북,대구iM뱅크PARK,12072.0
550,K리그1,20240316,대구,수원FC,대구iM뱅크PARK,11997.0
551,K리그1,20240831,대구,인천,대구iM뱅크PARK,11994.0
552,K리그1,20240526,대구,강원,대구iM뱅크PARK,11977.0
553,플레이오프,20241201,대구,충남아산,대구iM뱅크PARK,11973.0
554,K리그1,20240511,대구,광주,대구iM뱅크PARK,11967.0
555,K리그1,20241103,대구,제주,대구iM뱅크PARK,11940.0
556,K리그1,20240706,대구,포항,대구iM뱅크PARK,11881.0
557,K리그1,20240921,대구,서울,대구iM뱅크PARK,11837.0
558,K리그1,20241124,대구,인천,대구iM뱅크PARK,11812.0
559,K리그1,20240525,전북,김천,전주 월드컵,11726.0
560,K리그2,20240331,수원,부산,수원 월드컵,11707.0
561,K리그2,20240622,수원,성남,수원 월드컵,11684.0
562,K리그2,20240518,수원,부천,수원 월드컵,11592.0
563,K리그1,20240330,인천,대전,인천 전용,11581.0
564,K리그1,20240622,강원,김천,강릉하이원아레나,11578.0
565,K리그1,20240616,전북,인천,전주 월드컵,11477.0
566,K리그1,20240501,대구,울산,대구iM뱅크PARK,11466.0
567,K리그1,20241123,강원,포항,강릉하이원아레나,11426.0
568,K리그1,20240727,대구,대전,대구iM뱅크PARK,11373.0
569,K리그1,20240421,대구,대전,대구iM뱅크PARK,11330.0
570,K리그2,20240630,수원,안산,수원 월드컵,11286.0
571,K리그1,20240413,전북,광주,전주 월드컵,11229.0
572,K리그1,20240927,대전,울산,대전 월드컵,11219.0
573,K리그1,20240407,전북,강원,전주 월드컵,11215.0
574,K리그2,20240428,수원,경남,수원 월드컵,11109.0
575,K리그2,20240525,수원,서울E,수원 월드컵,11045.0
576,K리그1,20240309,포항,대구,포항 스틸야드,10930.0
577,K리그1,20240407,대전,포항,대전 월드컵,10761.0
578,K리그1,20240721,대구,광주,대구iM뱅크PARK,10721.0
579,K리그1,20240811,포항,서울,포항 스틸야드,10719.0
580,K리그1,20240720,강원,제주,강릉하이원아레나,10710.0
581,K리그1,20240824,포항,대구,포항 스틸야드,10691.0
582,K리그2,20240407,충북청주,수원,청주 종합,10635.0
583,K리그2,20241006,수원,안양,용인 미르,10632.0
584,K리그1,20240622,대구,전북,대구iM뱅크PARK,10540.0
585,K리그1,20240518,대전,인천,대전 월드컵,10535.0
586,K리그2,20240713,천안,수원,천안 종합,10432.0
587,K리그1,20240707,대전,전북,대전 월드컵,10378.0
588,K리그1,20240707,강원,광주,강릉하이원아레나,10334.0
589,K리그1,20240721,인천,수원FC,인천 전용,10303.0
590,K리그1,20240626,울산,대구,울산 문수,10273.0
591,K리그2,20240831,충북청주,수원,청주 종합,10215.0
592,K리그1,20240331,강원,서울,춘천 송암,10144.0
593,K리그1,20240501,인천,전북,인천 전용,10094.0
594,K리그1,20240506,제주,대구,제주 월드컵,10033.0
595,K리그2,20240309,충남아산,부천,아산 이순신,10022.0
596,K리그1,20240616,대구,제주,대구iM뱅크PARK,9885.0
597,K리그2,20240914,수원,천안,용인 미르,9820.0
598,K리그1,20240816,대구,김천,대구iM뱅크PARK,9817.0
599,K리그1,20240615,강원,수원FC,춘천 송암,9704.0
600,K리그1,20240602,대전,대구,대전 월드컵,9649.0
601,K리그1,20240512,포항,제주,포항 스틸야드,9577.0
602,K리그1,20240309,수원FC,전북,수원 종합,9557.0
603,K리그2,20240825,서울E,수원,목동 종합,9527.0
604,K리그1,20241006,포항,수원FC,포항 스틸야드,9513.0
605,K리그1,20240710,울산,광주,울산 문수,9444.0
606,K리그1,20240922,포항,강원,포항 스틸야드,9427.0
607,K리그1,20240414,인천,대구,인천 전용,9400.0
608,K리그1,20241026,강원,김천,강릉하이원아레나,9383.0
609,K리그1,20240406,인천,제주,인천 전용,9293.0
610,K리그2,20240818,수원,전남,용인 미르,9263.0
611,K리그1,20240317,포항,광주,포항 스틸야드,9203.0
612,K리그1,20240914,수원FC,전북,수원 종합,9136.0
613,K리그2,20240310,서울E,수원,목동 종합,9123.0
614,K리그1,20240525,인천,광주,인천 전용,9107.0
615,K리그1,20240310,제주,대전,제주 월드컵,9083.0
616,K리그2,20240301,안양,성남,안양 종합,8802.0
617,K리그2,20240410,수원,전남,수원 월드컵,8708.0
618,K리그1,20241110,포항,김천,포항 스틸야드,8632.0
619,K리그1,20240817,대전,인천,대전 월드컵,8618.0
620,K리그2,20240511,부산,충남아산,부산 아시아드,8607.0
621,K리그2,20241019,부천,수원,부천 종합,8604.0
622,K리그2,20240511,수원,천안,수원 월드컵,8514.0
623,K리그1,20240615,포항,대전,포항 스틸야드,8422.0
624,K리그1,20240529,인천,울산,인천 전용,8413.0
625,K리그2,20240812,수원,안양,용인 미르,8370.0
626,K리그2,20240317,안산,수원,안산 와스타디움,8264.0
627,K리그1,20241027,인천,광주,인천 전용,8257.0
628,K리그2,20240505,성남,수원,탄천 종합,8252.0
629,K리그1,20240623,인천,포항,인천 전용,8198.0
630,K리그1,20240519,광주,전북,광주 전용,8091.0
631,K리그1,20240515,광주,울산,광주 전용,8069.0
632,K리그2,20240414,수원,김포,수원 월드컵,8054.0
633,K리그1,20241026,수원FC,서울,수원 종합,7971.0
634,K리그1,20241124,광주,전북,광주 전용,7957.0
635,K리그1,20240402,대전,울산,대전 월드컵,7927.0
636,K리그2,20241109,서울E,전남,목동 종합,7913.0
637,K리그1,20240519,강원,울산,춘천 송암,7850.0
638,K리그1,20240302,광주,서울,광주 전용,7805.0
639,K리그1,20240914,제주,대구,제주 월드컵,7746.0
640,K리그1,20240420,포항,김천,포항 스틸야드,7673.0
641,K리그1,20241110,제주,광주,제주 월드컵,7651.0
642,K리그2,20240309,경남,부산,창원 축구센터,7649.0
643,K리그1,20240430,수원FC,서울,수원 종합,7570.0
644,K리그1,20240428,포항,인천,포항 스틸야드,7564.0
645,K리그1,20240601,수원FC,인천,수원 종합,7511.0
646,K리그1,20240901,대전,광주,대전 월드컵,7445.0
647,K리그1,20240705,수원FC,울산,수원 종합,7378.0
648,K리그1,20240622,대전,광주,대전 월드컵,7350.0
649,K리그1,20240726,제주,울산,제주 월드컵,7346.0
650,K리그1,20240331,광주,대구,광주 전용,7313.0
651,K리그2,20240309,전남,김포,광양 전용,7295.0
652,K리그2,20240602,부산,수원,부산 아시아드,7191.0
653,K리그1,20240709,대구,인천,대구iM뱅크PARK,7152.0
654,K리그1,20240713,대전,강원,대전 월드컵,7147.0
655,K리그1,20241019,인천,제주,인천 전용,7138.0
656,K리그2,20241020,안양,부산,안양 종합,7097.0
657,K리그2,20241027,김포,수원,김포솔터축구장,7068.0
658,K리그1,20240705,인천,김천,인천 전용,7012.0
659,K리그2,20240625,전남,수원,광양 전용,6948.0
660,K리그1,20241109,수원FC,강원,수원 종합,6778.0
661,K리그2,20240615,경남,수원,창원 축구센터,6768.0
662,K리그1,20241006,제주,대전,제주 월드컵,6766.0
663,K리그2,20240922,성남,수원,탄천 종합,6702.0
664,K리그1,20240721,대전,포항,대전 월드컵,6635.0
665,K리그2,20240723,부천,수원,부천 종합,6630.0
666,K리그1,20240623,제주,울산,제주 월드컵,6557.0
667,K리그1,20240626,전북,포항,전주 월드컵,6546.0
668,K리그1,20240602,제주,강원,제주 월드컵,6534.0
669,K리그1,20241027,제주,전북,제주 월드컵,6376.0
670,플레이오프,20241121,전남,부산,광양 전용,6375.0
671,K리그1,20241006,광주,서울,광주 전용,6357.0
672,K리그1,20240927,포항,인천,포항 스틸야드,6332.0
673,K리그1,20240810,제주,인천,제주 월드컵,6271.0
674,플레이오프,20241124,서울E,전남,목동 종합,6199.0
675,K리그1,20240630,인천,강원,인천 전용,6164.0
676,K리그1,20240330,수원FC,김천,수원 종합,6145.0
677,K리그1,20240529,강원,전북,춘천 송암,6125.0
678,K리그1,20240330,제주,포항,제주 월드컵,6036.0
679,K리그1,20240421,강원,인천,춘천 송암,6025.0
680,K리그1,20240302,강원,제주,춘천 송암,6021.0
681,K리그1,20241123,김천,서울,김천 종합,5943.0
682,K리그2,20241030,수원,충남아산,용인 미르,5936.0
683,K리그1,20240309,김천,울산,김천 종합,5852.0
684,K리그1,20240310,광주,강원,광주 전용,5786.0
685,K리그2,20240928,안양,충남아산,안양 종합,5779.0
686,K리그2,20240928,경남,수원,창원 축구센터,5774.0
687,K리그2,20240729,김포,수원,김포솔터축구장,5647.0
688,K리그1,20241019,김천,울산,김천 종합,5636.0
689,K리그1,20240714,수원FC,대구,수원 종합,5594.0
690,K리그1,20240710,전북,제주,전주 월드컵,5560.0
691,K리그1,20240901,제주,김천,제주 월드컵,5469.0
692,K리그1,20240427,광주,수원FC,광주 전용,5440.0
693,K리그2,20241102,부천,안양,부천 종합,5405.0
694,K리그2,20240310,천안,충북청주,천안 종합,5321.0
695,K리그1,20240629,대전,수원FC,대전 월드컵,5290.0
696,K리그1,20240710,포항,강원,포항 스틸야드,5287.0
697,K리그1,20240810,수원FC,대전,수원 종합,5223.0
698,K리그2,20240521,충남아산,수원,아산 이순신,5191.0
699,K리그1,20240402,포항,수원FC,포항 스틸야드,5143.0
700,K리그1,20240519,수원FC,포항,수원 종합,5126.0
701,K리그2,20240302,충북청주,전남,청주 종합,5095.0
702,K리그2,20240330,서울E,안양,목동 종합,5087.0
703,K리그1,20240825,광주,울산,광주 전용,5081.0
704,K리그2,20240831,안양,천안,안양 종합,5057.0
705,K리그2,20240720,전남,부산,광양 전용,5010.0
706,K리그2,20240331,전남,천안,광양 전용,5005.0
707,K리그1,20240430,대전,김천,대전 월드컵,4974.0
708,K리그1,20240414,수원FC,대전,수원 종합,4961.0
709,K리그2,20240512,안양,김포,안양 종합,4825.0
710,K리그2,20240519,성남,부산,탄천 종합,4820.0
711,K리그1,20240529,대전,제주,대전 월드컵,4759.0
712,K리그2,20240303,부산,서울E,부산 아시아드,4691.0
713,K리그2,20241029,안양,전남,안양 종합,4675.0
714,K리그1,20241102,광주,대전,광주 전용,4666.0
715,K리그1,20241018,포항,수원FC,포항 스틸야드,4611.0
716,K리그2,20240720,경남,부천,창원 축구센터,4596.0
717,K리그1,20240601,김천,포항,김천 종합,4574.0
718,K리그1,20240615,광주,김천,광주 전용,4561.0
719,K리그1,20240501,제주,광주,제주 월드컵,4502.0
720,K리그2,20240330,성남,김포,탄천 종합,4486.0
721,K리그2,20240925,수원,부산,용인 미르,4429.0
722,K리그1,20240713,제주,포항,제주 월드컵,4412.0
723,K리그2,20240824,전남,경남,광양 전용,4365.0
724,K리그2,20240921,안양,안산,안양 종합,4361.0
725,K리그2,20241103,전남,충북청주,광양 전용,4324.0
726,K리그1,20240317,김천,전북,김천 종합,4300.0
727,K리그2,20240714,안양,부산,안양 종합,4265.0
728,K리그1,20240511,강원,대전,춘천 송암,4263.0
729,K리그1,20240727,광주,수원FC,광주 전용,4239.0
730,K리그1,20240506,광주,대전,광주 전용,4221.0
731,K리그1,20240413,제주,김천,제주 월드컵,4211.0
732,플레이오프,20241128,충남아산,대구,천안 종합,4200.0
733,K리그2,20240601,서울E,경남,목동 종합,4188.0
734,K리그1,20240501,강원,포항,춘천 송암,4157.0
735,K리그2,20240504,김포,부천,김포솔터축구장,4143.0
736,K리그2,20240302,부천,천안,부천 종합,4030.0
737,K리그2,20240615,성남,안양,탄천 종합,4026.0
738,K리그2,20240615,전남,부천,광양 전용,4013.0
739,K리그2,20240602,안양,충북청주,안양 종합,3970.0
740,K리그2,20240421,경남,서울E,창원 축구센터,3909.0
741,K리그2,20240413,부천,성남,부천 종합,3856.0
742,K리그1,20240629,김천,대구,김천 종합,3832.0
743,K리그2,20240922,부천,김포,부천 종합,3802.0
744,K리그2,20240924,서울E,안양,목동 종합,3797.0
745,K리그2,20240622,안양,서울E,안양 종합,3767.0
746,K리그2,20240331,부천,경남,부천 종합,3760.0
747,K리그2,20241109,부산,부천,부산 구덕,3745.0
748,K리그2,20241027,서울E,충남아산,목동 종합,3735.0
749,K리그2,20240713,전남,충남아산,광양 전용,3696.0
750,K리그2,20240601,김포,전남,김포솔터축구장,3660.0
751,K리그2,20240512,경남,성남,창원 축구센터,3659.0
752,K리그2,20240317,충북청주,안양,청주 종합,3645.0
753,K리그2,20240915,전남,부산,광양 전용,3624.0
754,K리그1,20240625,수원FC,광주,수원 종합,3596.0
755,K리그2,20240518,서울E,전남,목동 종합,3563.0
756,K리그2,20240728,전남,서울E,광양 전용,3543.0
757,K리그2,20240727,안양,충남아산,안양 종합,3536.0
758,K리그1,20240714,김천,전북,김천 종합,3524.0
759,K리그2,20240515,전남,성남,광양 전용,3475.0
760,K리그2,20240414,전남,안산,광양 전용,3468.0
761,K리그1,20240922,광주,제주,광주 전용,3468.0
762,K리그2,20240810,서울E,부산,목동 종합,3443.0
763,K리그1,20240403,제주,전북,제주 월드컵,3426.0
764,K리그1,20240809,김천,강원,김천 종합,3402.0
765,K리그2,20240930,서울E,김포,목동 종합,3401.0
766,K리그2,20240428,전남,안양,광양 전용,3375.0
767,K리그1,20240528,김천,서울,김천 종합,3372.0
768,K리그2,20240406,충남아산,성남,아산 이순신,3352.0
769,K리그2,20241027,경남,성남,창원 축구센터,3344.0
770,K리그2,20240818,부천,서울E,부천 종합,3326.0
771,K리그2,20241005,부천,충북청주,부천 종합,3326.0
772,K리그2,20240728,경남,천안,창원 축구센터,3324.0
773,K리그2,20241005,부산,서울E,부산 구덕,3319.0
774,K리그1,20240915,김천,인천,김천 종합,3315.0
775,K리그2,20240915,김포,안양,김포솔터축구장,3307.0
776,K리그2,20241020,성남,충남아산,탄천 종합,3296.0
777,K리그2,20240512,부천,전남,부천 종합,3294.0
778,K리그1,20240825,수원FC,제주,수원 종합,3275.0
779,K리그1,20240825,김천,대전,김천 종합,3261.0
780,K리그2,20240714,서울E,성남,목동 종합,3259.0
781,K리그1,20240928,김천,광주,김천 종합,3238.0
782,K리그2,20241019,전남,안산,광양 전용,3209.0
783,K리그2,20240630,부천,안양,부천 종합,3190.0
784,K리그2,20240316,부천,서울E,부천 종합,3139.0
785,K리그1,20240913,광주,포항,광주 전용,3136.0
786,K리그2,20240915,경남,부천,창원 축구센터,3117.0
787,K리그2,20241103,경남,서울E,창원 축구센터,3088.0
788,K리그2,20240410,안양,부천,안양 종합,3087.0
789,K리그2,20240310,성남,안산,탄천 종합,3077.0
790,K리그2,20240714,부천,김포,부천 종합,3074.0
791,K리그1,20240921,수원FC,김천,수원 종합,3059.0
792,K리그1,20240403,강원,대구,춘천 송암,3056.0
793,K리그2,20240817,경남,충북청주,창원 축구센터,3054.0
794,K리그1,20240526,제주,수원FC,제주 월드컵,3052.0
795,K리그1,20240626,제주,인천,제주 월드컵,3044.0
796,K리그1,20240406,김천,광주,김천 종합,3021.0
797,K리그2,20240413,경남,충북청주,창원 축구센터,3019.0
798,K리그2,20240519,경남,김포,창원 축구센터,3010.0
799,K리그1,20240505,수원FC,강원,수원 종합,3008.0
800,K리그2,20240930,전남,부천,광양 전용,2980.0
801,K리그1,20240714,광주,인천,광주 전용,2969.0
802,K리그2,20240316,경남,충남아산,창원 축구센터,2955.0
803,K리그2,20240623,부천,충북청주,부천 종합,2942.0
804,K리그2,20240427,서울E,충남아산,목동 종합,2934.0
805,K리그2,20240406,서울E,김포,목동 종합,2927.0
806,K리그2,20240406,안양,안산,안양 종합,2873.0
807,K리그2,20240515,안양,경남,안양 종합,2858.0
808,K리그2,20241005,김포,충남아산,김포솔터축구장,2854.0
809,K리그2,20241102,천안,부산,천안 종합,2787.0
810,K리그2,20240413,부산,안양,부산 아시아드,2757.0
811,K리그2,20240616,김포,안산,김포솔터축구장,2750.0
812,K리그2,20240504,충남아산,안양,아산 이순신,2715.0
813,K리그2,20240922,부산,경남,부산 구덕,2714.0
814,K리그2,20240831,안산,서울E,안산 와스타디움,2712.0
815,K리그2,20240925,경남,김포,창원 축구센터,2695.0
816,K리그1,20240528,광주,포항,광주 전용,2687.0
817,K리그2,20240521,전남,충북청주,광양 전용,2674.0
818,K리그2,20240428,충북청주,부천,청주 종합,2668.0
819,K리그2,20240414,충남아산,천안,아산 이순신,2663.0
820,K리그1,20240505,김천,인천,김천 종합,2651.0
821,K리그2,20240929,안산,부산,안산 와스타디움,2638.0
822,K리그2,20240914,충북청주,서울E,청주 종합,2623.0
823,K리그2,20240616,충북청주,천안,청주 종합,2576.0
824,K리그2,20241109,충북청주,충남아산,청주 종합,2546.0
825,K리그1,20240420,수원FC,제주,수원 종합,2522.0
826,K리그2,20240427,부산,안산,부산 아시아드,2518.0
827,K리그2,20240824,부산,김포,부산 구덕,2517.0
828,K리그2,20240410,성남,서울E,탄천 종합,2459.0
829,K리그2,20240721,서울E,천안,목동 종합,2456.0
830,K리그2,20241109,김포,천안,김포솔터축구장,2455.0
831,K리그1,20241018,광주,대구,광주 전용,2447.0
832,K리그2,20240623,김포,부산,김포솔터축구장,2446.0
833,K리그2,20241026,전남,천안,광양 전용,2399.0
834,K리그1,20240630,광주,제주,광주 전용,2389.0
835,K리그2,20241029,부산,충북청주,부산 구덕,2342.0
836,K리그1,20240427,김천,강원,김천 종합,2338.0
837,K리그1,20240529,수원FC,대구,수원 종합,2328.0
838,K리그1,20240518,김천,제주,김천 종합,2279.0
839,K리그2,20240420,부천,부산,부천 종합,2278.0
840,K리그2,20240810,안산,부천,안산 와스타디움,2276.0
841,K리그2,20240317,부산,김포,부산 아시아드,2245.0
842,K리그2,20240407,부산,전남,부산 아시아드,2239.0
843,K리그2,20241026,충북청주,안양,청주 종합,2232.0
844,K리그2,20240526,안양,전남,안양 종합,2231.0
845,K리그2,20240522,경남,안산,창원 축구센터,2197.0
846,K리그2,20240924,충남아산,천안,아산 이순신,2182.0
847,K리그2,20240410,충북청주,김포,청주 종합,2175.0
848,K리그2,20240526,충북청주,경남,청주 종합,2168.0
849,K리그2,20240721,김포,안양,김포솔터축구장,2161.0
850,K리그2,20241026,안산,부천,안산 와스타디움,2159.0
851,K리그2,20240825,성남,안양,탄천 종합,2140.0
852,K리그2,20240602,천안,충남아산,천안 종합,2120.0
853,K리그2,20240901,충남아산,경남,아산 이순신,2120.0
854,K리그2,20240729,부산,충북청주,부산 구덕,2119.0
855,K리그2,20241103,성남,김포,탄천 종합,2113.0
856,K리그2,20240901,김포,전남,김포솔터축구장,2112.0
857,K리그2,20240727,성남,부천,탄천 종합,2082.0
858,K리그2,20241109,안산,성남,안산 와스타디움,2082.0
859,K리그2,20240929,충북청주,성남,청주 종합,2050.0
860,K리그2,20240701,경남,전남,창원 축구센터,2040.0
861,K리그2,20241020,천안,서울E,천안 종합,2022.0
862,K리그2,20240811,김포,경남,김포솔터축구장,2017.0
863,K리그2,20240330,충남아산,충북청주,아산 이순신,1994.0
864,K리그2,20240527,부천,충남아산,부천 종합,1964.0
865,K리그2,20240316,천안,성남,천안 종합,1962.0
866,K리그2,20240421,충남아산,전남,아산 이순신,1957.0
867,K리그2,20240629,김포,천안,김포솔터축구장,1956.0
868,K리그2,20240625,경남,안양,창원 축구센터,1933.0
869,K리그1,20240625,김천,대전,김천 종합,1925.0
870,K리그1,20241102,김천,수원FC,김천 종합,1910.0
871,K리그2,20240713,충북청주,안산,청주 종합,1892.0
872,K리그2,20241030,서울E,성남,목동 종합,1888.0
873,K리그2,20240526,성남,천안,탄천 종합,1882.0
874,K리그2,20240706,부산,부천,부산 구덕,1853.0
875,K리그2,20240522,부산,천안,부산 아시아드,1830.0
876,K리그2,20240522,김포,성남,김포솔터축구장,1809.0
877,K리그2,20241005,성남,전남,탄천 종합,1781.0
878,K리그2,20240407,천안,경남,천안 종합,1773.0
879,K리그2,20240616,충남아산,부산,아산 이순신,1768.0
880,K리그2,20240925,부천,성남,부천 종합,1760.0
881,K리그2,20240817,성남,천안,탄천 종합,1750.0
882,K리그2,20240817,김포,안산,김포솔터축구장,1736.0
883,K리그2,20240723,부산,경남,부산 구덕,1726.0
884,K리그2,20240506,서울E,충북청주,목동 종합,1714.0
885,K리그2,20241005,천안,경남,천안 종합,1685.0
886,K리그2,20240427,천안,김포,천안 종합,1618.0
887,K리그2,20240515,부천,안산,부천 종합,1602.0
888,K리그2,20240626,서울E,안산,목동 종합,1601.0
889,K리그2,20240519,천안,안양,천안 종합,1578.0
890,K리그2,20240706,김포,충남아산,김포솔터축구장,1573.0
891,K리그1,20240403,광주,인천,광주 전용,1562.0
892,K리그2,20240701,충남아산,서울E,아산 이순신,1562.0
893,K리그2,20240708,안양,천안,안양 종합,1548.0
894,K리그2,20240521,서울E,부천,목동 종합,1537.0
895,K리그2,20240914,충남아산,안산,아산 이순신,1534.0
896,K리그2,20241019,충북청주,김포,청주 종합,1533.0
897,K리그2,20240818,충남아산,부산,아산 이순신,1523.0
898,K리그2,20240812,충북청주,성남,청주 종합,1519.0
899,K리그2,20240901,부산,성남,부산 구덕,1514.0
900,K리그2,20240811,천안,전남,천안 종합,1496.0
901,K리그2,20240824,충남아산,부천,아산 이순신,1495.0
902,K리그2,20240724,안산,안양,안산 와스타디움,1483.0
903,K리그2,20240515,충북청주,부산,청주 종합,1446.0
904,K리그2,20240301,안산,경남,안산 와스타디움,1419.0
905,K리그2,20240420,성남,충북청주,탄천 종합,1415.0
906,K리그2,20240921,충남아산,전남,아산 이순신,1413.0
907,K리그2,20240724,충북청주,충남아산,청주 종합,1365.0
908,K리그2,20240410,천안,부산,천안 종합,1359.0
909,K리그2,20240629,부산,성남,부산 구덕,1350.0
910,K리그2,20240626,김포,충북청주,김포솔터축구장,1349.0
911,K리그2,20240707,안산,전남,안산 와스타디움,1335.0
912,K리그2,20240921,천안,충북청주,천안 종합,1313.0
913,K리그2,20240625,성남,충남아산,탄천 종합,1296.0
914,K리그2,20240724,김포,서울E,김포솔터축구장,1274.0
915,K리그2,20240515,충남아산,김포,아산 이순신,1183.0
916,K리그2,20240421,안산,김포,안산 와스타디움,1145.0
917,K리그2,20240518,안산,충북청주,안산 와스타디움,1145.0
918,K리그2,20240601,안산,성남,안산 와스타디움,1140.0
919,K리그2,20240410,안산,충남아산,안산 와스타디움,1123.0
920,K리그2,20240723,성남,전남,탄천 종합,1116.0
921,K리그1,20240709,김천,수원FC,김천 종합,1085.0
922,K리그2,20240721,충남아산,안산,아산 이순신,1061.0
923,K리그2,20240707,충북청주,서울E,청주 종합,1060.0
924,K리그2,20240505,전남,경남,광양 전용,1042.0
925,K리그2,20240622,충남아산,경남,아산 이순신,1034.0
926,K리그2,20240623,안산,천안,안산 와스타디움,1020.0
927,K리그2,20240826,천안,안산,천안 종합,1018.0
928,K리그2,20241029,천안,부천,천안 종합,1016.0
929,K리그2,20240506,천안,안산,천안 종합,1007.0
930,K리그2,20240708,성남,경남,탄천 종합,914.0
931,K리그2,20240626,천안,부천,천안 종합,837.0
932,K리그2,20240924,안산,충북청주,안산 와스타디움,781.0
933,K리그2,20241030,안산,경남,안산 와스타디움,570.0
934,K리그2,20240515,천안,서울E,천안 종합,549.0
935,K리그2,20240527,안산,부산,안산 와스타디움,468.0
936,K리그2,20240511,안산,서울E,안산 와스타디움,384.0
937,K리그1,20250503,서울,전북,서울 월드컵,48008.0
938,K리그1,20250222,서울,안양,서울 월드컵,41415.0
939,K리그1,20250531,전북,울산,전주 월드컵,31830.0
940,K리그1,20250301,울산,전북,울산 문수,26317.0
941,K리그1,20250524,서울,수원FC,서울 월드컵,25578.0
942,K리그1,20250329,서울,대구,서울 월드컵,25258.0
943,K리그1,20250303,서울,김천,서울 월드컵,24889.0
944,K리그1,20250506,전북,대전,전주 월드컵,24338.0
945,K리그1,20250531,서울,제주,서울 월드컵,24270.0
946,K리그1,20250720,서울,울산,서울 월드컵,24047.0
947,K리그1,20250505,울산,포항,울산 문수,23442.0
948,K리그1,20250621,전북,서울,전주 월드컵,22862.0
949,K리그2,20250615,수원,인천,수원 월드컵,22625.0
950,K리그1,20250517,전북,안양,전주 월드컵,21021.0
951,K리그1,20250405,울산,서울,울산 문수,20358.0
952,K리그1,20250412,서울,대전,서울 월드컵,20284.0
953,K리그1,20250629,서울,포항,서울 월드컵,20036.0
954,K리그1,20250223,대전,울산,대전 월드컵,19628.0
955,K리그1,20250216,전북,김천,전주 월드컵,19619.0
956,K리그1,20250419,서울,광주,서울 월드컵,19234.0
957,K리그1,20250216,울산,안양,울산 문수,18718.0
958,K리그2,20250301,인천,수원,인천 전용,18173.0
959,K리그1,20250309,울산,제주,울산 문수,16749.0
960,K리그1,20250524,울산,김천,울산 문수,16012.0
961,K리그1,20250223,전북,광주,전주 월드컵,15393.0
962,K리그1,20250617,서울,강원,서울 월드컵,15290.0
963,K리그1,20250405,대전,전북,대전 월드컵,14622.0
964,K리그1,20250712,울산,대구,울산 문수,14555.0
965,K리그2,20250315,수원,충남아산,수원 월드컵,14099.0
966,K리그1,20250309,전북,강원,전주 월드컵,14090.0
967,K리그1,20250719,포항,전북,포항 스틸야드,13973.0
968,K리그2,20250427,수원,성남,수원 월드컵,13948.0
969,K리그1,20250510,대전,서울,대전 월드컵,13706.0
970,K리그1,20250308,안양,김천,안양 종합,13579.0
971,K리그1,20250419,울산,강원,울산 문수,13536.0
972,K리그1,20250420,전북,대구,전주 월드컵,12897.0
973,K리그2,20250712,수원,충북청주,수원 월드컵,12769.0
974,K리그1,20250503,대전,안양,대전 월드컵,12570.0
975,K리그1,20250329,포항,울산,포항 스틸야드,12565.0
976,K리그2,20250525,수원,김포,수원 월드컵,12396.0
977,K리그2,20250601,수원,부천,수원 월드컵,12264.0
978,K리그1,20250216,대구,강원,대구iM뱅크PARK,12240.0
979,K리그1,20250413,대구,울산,대구iM뱅크PARK,12218.0
980,K리그1,20250315,대구,안양,대구iM뱅크PARK,12183.0
981,K리그1,20250308,대구,대전,대구iM뱅크PARK,12168.0
982,K리그1,20250222,대구,수원FC,대구iM뱅크PARK,12098.0
983,K리그2,20250525,인천,전남,인천 전용,12052.0
984,K리그2,20250504,인천,김포,인천 전용,11792.0
985,K리그1,20250518,대구,서울,대구iM뱅크PARK,11699.0
986,K리그1,20250329,대전,광주,대전 월드컵,11469.0
987,K리그2,20250629,수원,부산,수원 월드컵,11467.0
988,K리그1,20250617,전북,수원FC,전주 월드컵,11355.0
989,K리그2,20250406,수원,경남,수원 월드컵,11343.0
990,K리그1,20250503,대구,제주,대구iM뱅크PARK,11325.0
991,K리그1,20250301,포항,대구,포항 스틸야드,11207.0
992,K리그1,20250601,대구,광주,대구iM뱅크PARK,11111.0
993,K리그1,20250215,제주,서울,제주 월드컵,11049.0
994,K리그1,20250506,제주,강원,제주 월드컵,11017.0
995,K리그2,20250608,인천,부천,인천 전용,11007.0
996,K리그1,20250427,포항,서울,포항 스틸야드,10984.0
997,K리그1,20250413,전북,제주,전주 월드컵,10958.0
998,K리그2,20250222,안산,수원,안산 와스타디움,10956.0
999,K리그1,20250330,제주,수원FC,제주 월드컵,10778.0
1000,K리그2,20250511,수원,천안,수원 월드컵,10664.0
1001,K리그1,20250215,포항,대전,포항 스틸야드,10519.0
1002,K리그1,20250316,전북,포항,전주 월드컵,10442.0
1003,K리그1,20250524,대전,대구,대전 월드컵,10417.0
1004,K리그1,20250315,강원,서울,춘천 송암,10231.0
1005,K리그1,20250719,강원,대전,강릉하이원아레나,10207.0
1006,K리그2,20250504,충북청주,수원,청주 종합,10149.0
1007,K리그1,20250506,안양,서울,안양 종합,10103.0
1008,K리그1,20250330,안양,전북,안양 종합,10031.0
1009,K리그1,20250518,포항,광주,포항 스틸야드,9819.0
1010,K리그2,20250315,인천,서울E,인천 전용,9695.0
1011,K리그2,20250329,수원,전남,수원 월드컵,9692.0
1012,K리그1,20250502,울산,광주,울산 문수,9659.0
1013,K리그2,20250309,서울E,수원,목동 종합,9644.0
1014,K리그1,20250427,대전,강원,대전 월드컵,9412.0
1015,K리그1,20250617,대구,포항,대구iM뱅크PARK,9384.0
1016,K리그2,20250222,인천,경남,인천 전용,9363.0
1017,K리그2,20250713,인천,충남아산,인천 전용,9326.0
1018,K리그1,20250621,강원,대구,강릉하이원아레나,9256.0
1019,K리그2,20250621,인천,화성,인천 전용,9245.0
1020,K리그2,20250419,수원,화성,수원 월드컵,9238.0
1021,K리그1,20250601,포항,강원,포항 스틸야드,8944.0
1022,K리그2,20250606,성남,수원,탄천 종합,8843.0
1023,K리그1,20250510,포항,수원FC,포항 스틸야드,8811.0
1024,K리그1,20250531,안양,대전,안양 종합,8752.0
1025,K리그1,20250308,수원FC,서울,수원 종합,8661.0
1026,K리그1,20250718,대구,김천,대구iM뱅크PARK,8562.0
1027,K리그2,20250517,부산,수원,부산 구덕,8529.0
1028,K리그2,20250329,인천,부산,인천 전용,8507.0
1029,K리그1,20250511,광주,전북,광주 월드컵,8444.0
1030,K리그1,20250412,포항,안양,포항 스틸야드,8354.0
1031,K리그1,20250406,안양,강원,안양 종합,8127.0
1032,K리그1,20250511,제주,울산,제주 월드컵,8012.0
1033,K리그1,20250527,대구,전북,대구iM뱅크PARK,7994.0
1034,K리그2,20250511,전남,성남,광양 전용,7975.0
1035,K리그2,20250426,부천,인천,부천 종합,7561.0
1036,K리그1,20250614,수원FC,안양,수원 종합,7524.0
1037,K리그1,20250502,포항,김천,포항 스틸야드,7405.0
1038,K리그2,20250705,충남아산,수원,아산 이순신,7382.0
1039,K리그1,20250628,안양,광주,안양 종합,7253.0
1040,K리그1,20250302,대전,수원FC,대전 월드컵,7220.0
1041,K리그1,20250426,수원FC,전북,수원 종합,7131.0
1042,K리그1,20250719,제주,안양,제주 월드컵,7120.0
1043,K리그1,20250627,대전,제주,대전 월드컵,7097.0
1044,K리그2,20250607,전남,서울E,광양 전용,6946.0
1045,K리그1,20250517,강원,울산,춘천 송암,6920.0
1046,K리그1,20250401,울산,대전,울산 문수,6902.0
1047,K리그1,20250614,제주,대구,제주 월드컵,6542.0
1048,K리그1,20250223,강원,포항,춘천 송암,6539.0
1049,K리그2,20250330,충남아산,성남,아산 이순신,6519.0
1050,K리그1,20250510,안양,대구,안양 종합,6365.0
1051,K리그2,20250518,안산,인천,안산 와스타디움,6282.0
1052,K리그1,20250505,광주,김천,광주 월드컵,6238.0
1053,K리그1,20250523,제주,전북,제주 월드컵,6224.0
1054,K리그1,20250613,강원,전북,춘천 송암,6219.0
1055,K리그1,20250621,포항,제주,포항 스틸야드,6204.0
1056,K리그1,20250523,안양,포항,안양 종합,6124.0
1057,K리그2,20250316,경남,전남,창원 축구센터,5969.0
1058,K리그2,20250719,전남,수원,광양 전용,5945.0
1059,K리그1,20250426,안양,제주,안양 종합,5939.0
1060,K리그2,20250412,부천,수원,부천 종합,5936.0
1061,K리그1,20250527,대전,포항,대전 월드컵,5833.0
1062,K리그1,20250222,제주,김천,제주 월드컵,5733.0
1063,K리그1,20250423,안양,울산,안양 종합,5592.0
1064,K리그1,20250316,수원FC,울산,수원 종합,5557.0
1065,K리그2,20250413,인천,충북청주,인천 전용,5542.0
1066,K리그1,20250420,제주,포항,제주 월드컵,5531.0
1067,K리그1,20250618,제주,광주,제주 월드컵,5307.0
1068,K리그2,20250629,김포,인천,김포솔터축구장,5298.0
1069,K리그2,20250705,전남,인천,광양 전용,5149.0
1070,K리그1,20250503,강원,수원FC,춘천 송암,5105.0
1071,K리그1,20250413,강원,광주,춘천 송암,5080.0
1072,K리그1,20250618,대전,김천,대전 월드컵,5016.0
1073,K리그1,20250302,강원,제주,춘천 송암,5009.0
1074,K리그2,20250309,성남,인천,탄천 종합,4891.0
1075,K리그1,20250215,광주,수원FC,광주 월드컵,4690.0
1076,K리그1,20250315,제주,대전,제주 월드컵,4651.0
1077,K리그2,20250419,인천,천안,인천 전용,4637.0
1078,K리그1,20250525,광주,강원,광주 월드컵,4554.0
1079,K리그1,20250322,광주,포항,광주 월드컵,4544.0
1080,K리그1,20250419,안양,수원FC,안양 종합,4508.0
1081,K리그2,20250531,서울E,부산,목동 종합,4482.0
1082,K리그2,20250518,전남,충북청주,광양 전용,4378.0
1083,K리그2,20250622,경남,수원,창원 축구센터,4329.0
1084,K리그2,20250510,충남아산,인천,아산 이순신,4204.0
1085,K리그2,20250607,부산,안산,부산 구덕,4132.0
1086,K리그2,20250222,부산,김포,부산 구덕,4101.0
1087,K리그2,20250601,천안,인천,천안 종합,4032.0
1088,K리그2,20250308,김포,충북청주,김포솔터축구장,4017.0
1089,K리그2,20250406,충남아산,충북청주,아산 이순신,3871.0
1090,K리그1,20250406,광주,제주,광주 월드컵,3858.0
1091,K리그1,20250627,김천,전북,김천 종합,3840.0
1092,K리그2,20250531,전남,화성,광양 전용,3784.0
1093,K리그1,20250405,김천,대구,김천 종합,3740.0
1094,K리그2,20250302,화성,충남아산,화성 종합,3731.0
1095,K리그1,20250511,강원,김천,춘천 송암,3628.0
1096,K리그2,20250223,서울E,충남아산,목동 종합,3592.0
1097,K리그2,20250223,부천,충북청주,부천 종합,3590.0
1098,K리그1,20250518,수원FC,대전,수원 종합,3579.0
1099,K리그2,20250614,부천,서울E,부천 종합,3440.0
1100,K리그2,20250504,성남,서울E,탄천 종합,3421.0
1101,K리그1,20250628,수원FC,강원,수원 종합,3401.0
1102,K리그2,20250426,서울E,경남,목동 종합,3383.0
1103,K리그1,20250301,광주,안양,광주 월드컵,3319.0
1104,K리그2,20250223,성남,화성,탄천 종합,3314.0
1105,K리그1,20250427,김천,울산,김천 종합,3300.0
1106,K리그2,20250427,김포,전남,김포솔터축구장,3279.0
1107,K리그2,20250308,부천,부산,부천 종합,3277.0
1108,K리그2,20250504,부산,충남아산,부산 구덕,3240.0
1109,K리그2,20250720,경남,인천,창원 축구센터,3214.0
1110,K리그1,20250316,김천,광주,김천 종합,3193.0
1111,K리그2,20250406,김포,부천,김포솔터축구장,3176.0
1112,K리그2,20250309,천안,충남아산,천안 종합,3163.0
1113,K리그2,20250330,서울E,부천,목동 종합,3140.0
1114,K리그1,20250528,강원,안양,춘천 송암,3135.0
1115,K리그2,20250420,충남아산,전남,아산 이순신,3131.0
1116,K리그2,20250315,김포,성남,김포솔터축구장,3126.0
1117,K리그1,20250506,수원FC,대구,수원 종합,3114.0
1118,K리그2,20250524,성남,부산,탄천 종합,3108.0
1119,K리그1,20250622,광주,대전,광주 월드컵,3055.0
1120,K리그2,20250607,경남,화성,창원 축구센터,3053.0
1121,K리그1,20250528,광주,울산,광주 월드컵,2933.0
1122,K리그1,20250405,수원FC,포항,수원 종합,2924.0
1123,K리그2,20250517,부천,화성,부천 종합,2891.0
1124,K리그2,20250712,전남,경남,광양 전용,2851.0
1125,K리그2,20250606,충북청주,충남아산,청주 종합,2793.0
1126,K리그1,20250419,김천,대전,김천 종합,2789.0
1127,K리그2,20250719,김포,안산,김포솔터축구장,2779.0
1128,K리그2,20250621,천안,서울E,천안 종합,2777.0
1129,K리그2,20250427,부산,화성,부산 구덕,2769.0
1130,K리그2,20250222,천안,전남,천안 종합,2764.0
1131,K리그1,20250613,광주,서울,광주 월드컵,2746.0
1132,K리그2,20250504,부천,전남,부천 종합,2698.0
1133,K리그2,20250329,경남,충북청주,창원 축구센터,2696.0
1134,K리그2,20250719,서울E,성남,목동 종합,2690.0
1135,K리그1,20250614,김천,포항,김천 종합,2681.0
1136,K리그2,20250622,부산,충북청주,부산 구덕,2673.0
1137,K리그2,20250622,전남,김포,광양 전용,2662.0
1138,K리그2,20250302,부산,경남,부산 구덕,2610.0
1139,K리그2,20250517,경남,충남아산,창원 축구센터,2610.0
1140,K리그2,20250712,부산,성남,부산 구덕,2606.0
1141,K리그2,20250510,경남,부천,창원 축구센터,2604.0
1142,K리그2,20250301,서울E,전남,목동 종합,2554.0
1143,K리그2,20250531,안산,성남,안산 와스타디움,2548.0
1144,K리그2,20250713,부천,김포,부천 종합,2544.0
1145,K리그2,20250621,성남,충남아산,탄천 종합,2487.0
1146,K리그2,20250517,천안,성남,천안 종합,2470.0
1147,K리그2,20250316,부천,안산,부천 종합,2462.0
1148,K리그2,20250525,충남아산,부천,아산 이순신,2461.0
1149,K리그2,20250524,경남,천안,창원 축구센터,2434.0
1150,K리그2,20250628,부천,경남,부천 종합,2429.0
1151,K리그2,20250420,안산,부산,안산 와스타디움,2424.0
1152,K리그2,20250510,서울E,안산,목동 종합,2408.0
1153,K리그2,20250615,전남,부산,광양 전용,2387.0
1154,K리그2,20250614,충남아산,천안,아산 이순신,2340.0
1155,K리그2,20250413,부산,서울E,부산 구덕,2321.0
1156,K리그2,20250511,충북청주,부산,청주 종합,2321.0
1157,K리그2,20250420,경남,김포,창원 축구센터,2318.0
1158,K리그2,20250720,부천,충남아산,부천 종합,2297.0
1159,K리그2,20250406,성남,안산,탄천 종합,2291.0
1160,K리그2,20250405,화성,인천,화성 종합,2279.0
1161,K리그2,20250518,김포,서울E,김포솔터축구장,2265.0
1162,K리그2,20250419,성남,부천,탄천 종합,2223.0
1163,K리그2,20250712,천안,화성,천안 종합,2218.0
1164,K리그2,20250412,경남,성남,창원 축구센터,2162.0
1165,K리그2,20250705,경남,안산,창원 축구센터,2157.0
1166,K리그2,20250601,충남아산,김포,아산 이순신,2149.0
1167,K리그2,20250405,서울E,천안,목동 종합,2136.0
1168,K리그2,20250524,화성,서울E,화성 종합,2120.0
1169,K리그2,20250405,부산,전남,부산 구덕,2081.0
1170,K리그1,20250412,수원FC,김천,수원 종합,2066.0
1171,K리그2,20250608,김포,천안,김포솔터축구장,2053.0
1172,K리그2,20250426,충남아산,안산,아산 이순신,2043.0
1173,K리그1,20250528,김천,서울,김천 종합,2040.0
1174,K리그1,20250718,수원FC,광주,수원 종합,2036.0
1175,K리그1,20250330,김천,강원,김천 종합,2026.0
1176,K리그2,20250510,김포,화성,김포솔터축구장,2022.0
1177,K리그2,20250303,성남,충북청주,탄천 종합,2015.0
1178,K리그2,20250706,화성,부천,화성 종합,2013.0
1179,K리그1,20250409,광주,대구,광주 월드컵,1983.0
1180,K리그2,20250706,성남,천안,탄천 종합,1979.0
1181,K리그2,20250621,안산,부천,안산 와스타디움,1950.0
1182,K리그2,20250720,충북청주,천안,청주 종합,1939.0
1183,K리그2,20250419,서울E,충북청주,목동 종합,1888.0
1184,K리그1,20250527,수원FC,제주,수원 종합,1884.0
1185,K리그2,20250504,안산,경남,안산 와스타디움,1864.0
1186,K리그2,20250531,충북청주,경남,청주 종합,1863.0
1187,K리그2,20250628,안산,천안,안산 와스타디움,1854.0
1188,K리그2,20250706,김포,부산,김포솔터축구장,1821.0
1189,K리그2,20250316,부산,천안,부산 구덕,1812.0
1190,K리그2,20250614,충북청주,성남,청주 종합,1806.0
1191,K리그2,20250628,충남아산,서울E,아산 이순신,1784.0
1192,K리그1,20250622,김천,안양,김천 종합,1774.0
1193,K리그1,20250517,김천,제주,김천 종합,1771.0
1194,K리그2,20250329,안산,화성,안산 와스타디움,1768.0
1195,K리그2,20250615,김포,경남,김포솔터축구장,1762.0
1196,K리그2,20250713,안산,서울E,안산 와스타디움,1743.0
1197,K리그2,20250315,화성,충북청주,화성 종합,1735.0
1198,K리그2,20250504,화성,천안,화성 종합,1712.0
1199,K리그2,20250705,충북청주,서울E,청주 종합,1659.0
1200,K리그2,20250629,충북청주,전남,청주 종합,1550.0
1201,K리그2,20250524,충북청주,안산,청주 종합,1539.0
1202,K리그1,20250601,김천,수원FC,김천 종합,1533.0
1203,K리그2,20250628,화성,성남,화성 종합,1519.0
1204,K리그2,20250412,김포,충남아산,김포솔터축구장,1494.0
1205,K리그2,20250308,안산,전남,안산 와스타디움,1447.0
1206,K리그2,20250301,안산,김포,안산 와스타디움,1444.0
1207,K리그2,20250308,화성,경남,화성 종합,1425.0
1208,K리그2,20250426,천안,충북청주,천안 종합,1411.0
1209,K리그2,20250719,화성,부산,화성 종합,1293.0
1210,K리그2,20250330,천안,김포,천안 종합,1283.0
1211,K리그2,20250615,화성,안산,화성 종합,1259.0
1212,K리그2,20250302,천안,부천,천안 종합,1198.0
1213,K리그2,20250412,화성,전남,화성 종합,1036.0
1214,K리그2,20250413,천안,안산,천안 종합,1021.0
